id,price,time_since_posting,imgurl,url
691730118,180,0.03819444444444444,https://images.craigslist.org/00j0j_90gdbQD0WbF_300x300.jpg,https://baltimore.craigslist.org/fuo/d/abingdon-brown-leather-couch/6917301186.html
692191522,1,0.03888888888888889,https://images.craigslist.org/00G0G_kg1kYXbnCkg_300x300.jpg,https://baltimore.craigslist.org/fuo/d/baltimore-free-couch/6921915220.html
691996672,0,0.09166666666666667,https://images.craigslist.org/00W0W_5NbBAyvWF9L_300x300.jpg,https://baltimore.craigslist.org/fuo/d/baltimore-desk-office-chair-ikea-poang/6919966727.html
692173821,80,0.18472222222222223,https://images.craigslist.org/00w0w_9v5YQbclV0u_300x300.jpg,https://baltimore.craigslist.org/fuo/d/owings-mills-drexel-heritage-couch/6921738214.html
692154848,75,0.3263888888888889,https://images.craigslist.org/00O0O_bkn4SyhCCod_300x300.jpg,https://annapolis.craigslist.org/fuo/d/crownsville-recliner-reclingin-couch/6921548487.html
690502032,40,0.3534722222222222,https://images.craigslist.org/00p0p_bvZiF18NgWe_300x300.jpg,https://baltimore.craigslist.org/fuo/d/manchester-antique-couch/6905020327.html
692142109,850,0.46249999999999997,https://images.craigslist.org/01212_bxMBjOwDUKf_300x300.jpg,https://washingtondc.craigslist.org/mld/fuo/d/hyattsville-sectional-couch-plus/6921421099.html
692141976,0,0.46527777777777773,https://images.craigslist.org/00s0s_kDfpxIkN2xb_300x300.jpg,https://baltimore.craigslist.org/fuo/d/dundalk-free-sectional-couch/6921419764.html
691105857,375,0.5409722222222222,https://images.craigslist.org/00q0q_7mGjiYoFOAG_300x300.jpg,https://baltimore.craigslist.org/fuo/d/baltimore-ikea-karlstad-couch-with/6911058578.html
691388391,100,0.7597222222222223,https://images.craigslist.org/00707_6gHP8fw3jfe_300x300.jpg,https://baltimore.craigslist.org/fuo/d/middle-river-sectional-couch/6913883912.html
691388788,60,0.7597222222222223,https://images.craigslist.org/00R0R_ftLjI9qRGoY_300x300.jpg,https://baltimore.craigslist.org/fuo/d/middle-river-chair-and-half-couch-with/6913887885.html
692131901,225,0.8472222222222222,https://images.craigslist.org/00000_lqY55uJoxQn_300x300.jpg,https://baltimore.craigslist.org/fuo/d/baltimore-cherry-wood-futon-couch/6921319019.html
690846122,1100,0.90625,https://images.craigslist.org/00k0k_6EaCESgTGPF_300x300.jpg,https://baltimore.craigslist.org/fuo/d/nottingham-hermin-miller-new-leather/6908461226.html
692124189,150,0.9590277777777777,https://images.craigslist.org/00G0G_fbFKafuXHwX_300x300.jpg,https://baltimore.craigslist.org/fuo/d/pasadena-white-real-italian-leather/6921241899.html
692112328,350,1.0638888888888889,https://images.craigslist.org/00L0L_aNKyuiXInkw_300x300.jpg,https://washingtondc.craigslist.org/mld/fuo/d/derwood-reversible-sectional-couch/6921123284.html
692113624,30,1.0680555555555555,https://images.craigslist.org/00N0N_4mo7LjI505e_300x300.jpg,https://baltimore.craigslist.org/fuo/d/pasadena-red-twin-futon-couch/6921136241.html
692113088,250,1.0729166666666667,https://images.craigslist.org/00p0p_wnPmqEWBAw_300x300.jpg,https://annapolis.craigslist.org/fuo/d/severna-park-full-sleeper-microfiber/6921130889.html
692101330,750,1.1659722222222222,https://images.craigslist.org/00v0v_9fcu1IoRqf2_300x300.jpg,https://washingtondc.craigslist.org/mld/fuo/d/lanham-macys-radley-sectional/6921013309.html
692100216,0,1.175,https://images.craigslist.org/00M0M_5Ytogpj7Mib_300x300.jpg,https://washingtondc.craigslist.org/mld/fuo/d/silver-spring-free-couch-love-seat-and/6921002163.html
691850307,98,1.1805555555555556,https://images.craigslist.org/01515_kSNPm2JyDnA_300x300.jpg,https://washingtondc.craigslist.org/mld/fuo/d/black-3-seat-couch/6918503079.html
692094556,300,1.2166666666666668,https://images.craigslist.org/00Z0Z_2hfYYGWc6Xk_300x300.jpg,https://washingtondc.craigslist.org/mld/fuo/d/laurel-couch/6920945569.html
692081058,700,1.2770833333333333,https://images.craigslist.org/00H0H_b6ksrbJNHm4_300x300.jpg,https://baltimore.craigslist.org/fuo/d/parkville-hughes-two-piece-set-couch/6920810580.html
692085163,100,1.2833333333333332,https://images.craigslist.org/00A0A_goMnvHEG3bl_300x300.jpg,https://baltimore.craigslist.org/fuo/d/lutherville-timonium-couch-for-sale/6920851632.html
692080823,30,1.3152777777777778,https://images.craigslist.org/00H0H_7IOTZHIGIXo_300x300.jpg,https://washingtondc.craigslist.org/mld/fuo/d/greenbelt-ikea-couch/6920808235.html
690946322,125,1.320138888888889,https://images.craigslist.org/00F0F_dZzuCwbeNSl_300x300.jpg,https://baltimore.craigslist.org/fuo/d/halethorpe-microfiber-couch-sofa-neutral/6909463222.html
690946900,125,1.320138888888889,https://images.craigslist.org/00F0F_dZzuCwbeNSl_300x300.jpg,https://annapolis.craigslist.org/fuo/d/halethorpe-microfiber-couch-sofa-neutral/6909469004.html
692076343,50,1.3493055555555555,https://images.craigslist.org/00d0d_fWovMuDxVSH_300x300.jpg,https://baltimore.craigslist.org/fuo/d/ellicott-city-couch-futon/6920763435.html
691579932,250,1.3743055555555554,https://images.craigslist.org/00s0s_88vHKaSFlHu_300x300.jpg,https://annapolis.craigslist.org/fuo/d/severna-park-couch-love-seat/6915799321.html
691499694,125,1.3972222222222221,https://images.craigslist.org/00707_bGdKf155oBE_300x300.jpg,https://annapolis.craigslist.org/fuo/d/glen-burnie-couch-bed-125-cash/6914996942.html
691499969,125,1.3972222222222221,https://images.craigslist.org/00707_bGdKf155oBE_300x300.jpg,https://baltimore.craigslist.org/fuo/d/glen-burnie-couch-bed-125-cash/6914999696.html
691481401,50,1.4013888888888888,https://images.craigslist.org/01616_4NoY1hgJY27_300x300.jpg,https://baltimore.craigslist.org/fuo/d/lutherville-timonium-sofa-couch/6914814015.html
692069163,100,1.413888888888889,https://images.craigslist.org/00606_dEcoGr936W6_300x300.jpg,https://washingtondc.craigslist.org/mld/fuo/d/olney-blue-couch/6920691639.html
692067731,20,1.4305555555555556,https://images.craigslist.org/00L0L_6cftpZNtbWA_300x300.jpg,https://baltimore.craigslist.org/fuo/d/parkville-couch-for-sale/6920677315.html
691653792,275,1.4354166666666666,https://images.craigslist.org/00G0G_5QkUiyf4gcT_300x300.jpg,https://baltimore.craigslist.org/fuo/d/aberdeen-couch-loveseat-2pc-brown/6916537921.html
692066447,55,1.4513888888888888,https://images.craigslist.org/00f0f_gigU9mWh0q2_300x300.jpg,https://baltimore.craigslist.org/fuo/d/baltimore-couch/6920664471.html
692064752,1200,1.4875,https://images.craigslist.org/00E0E_4MVvWALvLzS_300x300.jpg,https://washingtondc.craigslist.org/mld/fuo/d/crofton-ekornes-sofa-couch-loveseat/6920647521.html
692052518,0,1.8895833333333334,https://images.craigslist.org/00808_21Q9xkHfH2Q_300x300.jpg,https://baltimore.craigslist.org/fuo/d/baltimore-free-couch/6920525184.html
692048424,300,1.9430555555555555,https://images.craigslist.org/00b0b_9gBE01joUE0_300x300.jpg,https://baltimore.craigslist.org/fuo/d/ellicott-city-recliner-couch-and-love/6920484247.html
691158638,85,1.9902777777777776,https://images.craigslist.org/00606_2Ynqj0go6rn_300x300.jpg,https://baltimore.craigslist.org/fuo/d/towson-ethan-allen-couch-sofa-loveseat/6911586382.html
692043197,175,2.0,https://images.craigslist.org/00J0J_fEwdqZdknij_300x300.jpg,https://baltimore.craigslist.org/fuo/d/columbia-contemporary-couch/6920431975.html
692034021,500,2.0118055555555556,https://images.craigslist.org/00X0X_cLDhbIjgzTy_300x300.jpg,https://washingtondc.craigslist.org/mld/fuo/d/silver-spring-brand-new-black-linen/6920340215.html
691121893,50,2.05625,https://images.craigslist.org/00707_8A01S6NhwhM_300x300.jpg,https://washingtondc.craigslist.org/mld/fuo/d/silver-spring-navy-blue-love-seat-and/6911218931.html
692032881,350,2.0708333333333333,https://images.craigslist.org/00303_kwT4auouFbp_300x300.jpg,https://baltimore.craigslist.org/fuo/d/nottingham-comfortable-living-room/6920328819.html
692035464,300,2.071527777777778,https://images.craigslist.org/01616_ff9U68TYTgE_300x300.jpg,https://baltimore.craigslist.org/fuo/d/baltimore-sofa-couch/6920354642.html
692034137,175,2.082638888888889,https://images.craigslist.org/00H0H_hdHeHlr1CWZ_300x300.jpg,https://washingtondc.craigslist.org/mld/fuo/d/silver-spring-5-piece-sectional-couch/6920341371.html
691854287,200,2.0840277777777776,https://images.craigslist.org/00M0M_flfUUoRNcCa_300x300.jpg,https://washingtondc.craigslist.org/mld/fuo/d/silver-spring-amazing-couch/6918542871.html
692032324,450,2.0868055555555554,https://images.craigslist.org/00n0n_c6kuRlSo6ZU_300x300.jpg,https://baltimore.craigslist.org/fuo/d/nottingham-plush-lance-brand-plaid/6920323248.html
692032402,60,2.095138888888889,https://images.craigslist.org/00O0O_1oL27xRLH6O_300x300.jpg,https://washingtondc.craigslist.org/mld/fuo/d/greenbelt-kitchen-chairs-ikea-couch/6920324024.html
689868289,365,2.147222222222222,https://images.craigslist.org/00k0k_b52GcjSeCNf_300x300.jpg,https://annapolis.craigslist.org/fuo/d/edgewater-ikea-genuine-white-leather/6898682891.html
692022046,399,2.175,https://images.craigslist.org/00707_jLFqE0BpS7W_300x300.jpg,https://washingtondc.craigslist.org/mld/fuo/d/silver-spring-crate-and-barrel-couch/6920220465.html
692018155,500,2.202777777777778,https://images.craigslist.org/00d0d_iztocgkFywr_300x300.jpg,https://washingtondc.craigslist.org/mld/fuo/d/hanover-loveseat-and-couch/6920181551.html
692014254,750,2.2305555555555556,https://images.craigslist.org/00Q0Q_2JxrM7FywD2_300x300.jpg,https://baltimore.craigslist.org/fuo/d/baltimore-great-condition-suede-couch/6920142547.html
692013979,100,2.232638888888889,https://images.craigslist.org/00g0g_hwS5RXxm2WG_300x300.jpg,https://baltimore.craigslist.org/fuo/d/gwynn-oak-living-room-couch-pillows-for/6920139795.html
692013439,0,2.236111111111111,https://images.craigslist.org/00F0F_9Ra6J0wjewK_300x300.jpg,https://baltimore.craigslist.org/fuo/d/savage-free-must-go-couch-sofa/6920134390.html
692007830,300,2.2756944444444445,https://images.craigslist.org/00O0O_3yhSfEwexPA_300x300.jpg,https://baltimore.craigslist.org/fuo/d/windsor-mill-sectional-couch/6920078304.html
692006914,30,2.2819444444444446,https://images.craigslist.org/01616_3MyRHIZ3qK9_300x300.jpg,https://washingtondc.craigslist.org/doc/fuo/d/hyattsville-couch/6920069142.html
692002024,300,2.2888888888888888,https://images.craigslist.org/00q0q_ihgmSmoFk8i_300x300.jpg,https://baltimore.craigslist.org/fuo/d/sleeper-couch-great-condition/6920020249.html
692004181,80,2.3006944444444444,https://images.craigslist.org/00s0s_dIwO7scqDWu_300x300.jpg,https://baltimore.craigslist.org/fuo/d/parkville-beautiful-suede-couch-priced/6920041815.html
689807288,400,2.310416666666667,https://images.craigslist.org/00o0o_i62gUTwPTh6_300x300.jpg,https://baltimore.craigslist.org/fuo/d/catonsville-off-white-couch/6898072880.html
690609142,80,2.3333333333333335,https://images.craigslist.org/01111_9GKPJtZ5Dgf_300x300.jpg,https://baltimore.craigslist.org/fuo/d/gaithersburg-fabric-beige-couch/6906091423.html
691695551,80,2.3333333333333335,https://images.craigslist.org/01111_9GKPJtZ5Dgf_300x300.jpg,https://baltimore.craigslist.org/fuo/d/gaithersburg-fabric-beige-couch/6916955519.html
689955656,0,2.341666666666667,https://images.craigslist.org/00L0L_hmOJtpB2tGJ_300x300.jpg,https://baltimore.craigslist.org/fuo/d/savage-couch-sofa/6899556564.html
691993972,154,2.3791666666666664,https://images.craigslist.org/00N0N_hwYb4NoYm7p_300x300.jpg,https://baltimore.craigslist.org/fuo/d/lutherville-timonium-couch/6919939728.html
691829803,150,2.4034722222222222,https://images.craigslist.org/00m0m_7uUYTAJBZBc_300x300.jpg,https://baltimore.craigslist.org/fuo/d/ellicott-city-white-leather-couch-set/6918298037.html
691789342,100,2.4131944444444446,https://images.craigslist.org/00N0N_cKlO5YG9zQs_300x300.jpg,https://baltimore.craigslist.org/fuo/d/ellicott-city-sofa-couch/6917893426.html
690365911,900,2.435416666666667,https://images.craigslist.org/00Z0Z_etdUmHXpRAG_300x300.jpg,https://baltimore.craigslist.org/fuo/d/clarksville-luxury-100-solid-wood/6903659111.html
691988056,40,2.44375,https://images.craigslist.org/00k0k_2PYjpIvFvon_300x300.jpg,https://washingtondc.craigslist.org/mld/fuo/d/rockville-couch-with-pull-out-bed-pick/6919880562.html
691987729,30,2.4493055555555556,https://images.craigslist.org/01313_jyxwm4iztXt_300x300.jpg,https://washingtondc.craigslist.org/mld/fuo/d/rockville-sectional-couch-pick-up-by/6919877298.html
691982645,5750,2.6680555555555556,https://images.craigslist.org/00G0G_dbQi8ulfzYN_300x300.jpg,https://washingtondc.craigslist.org/doc/fuo/d/arnold-restoration-hardware-leather/6919826459.html
691979062,299,2.7930555555555556,https://images.craigslist.org/00P0P_gHDHzfrNGk7_300x300.jpg,https://baltimore.craigslist.org/fuo/d/lutherville-timonium-couch-and/6919790623.html
691977190,200,2.8305555555555557,https://images.craigslist.org/01414_b0Gz2NEW3UQ_300x300.jpg,https://baltimore.craigslist.org/fuo/d/baltimore-small-orange-couch/6919771906.html
691973320,75,2.8895833333333334,https://images.craigslist.org/00404_ataE3aGhWte_300x300.jpg,https://baltimore.craigslist.org/fuo/d/parkville-fold-out-couch-in-great/6919733202.html
691380685,200,2.9027777777777777,https://images.craigslist.org/00Y0Y_gCOAPa2dz8z_300x300.jpg,https://washingtondc.craigslist.org/mld/fuo/d/laurel-thomasville-sofa-couch/6913806851.html
691702672,200,2.9034722222222222,https://images.craigslist.org/00Y0Y_gCOAPa2dz8z_300x300.jpg,https://baltimore.craigslist.org/fuo/d/laurel-thomasville-sofa-couch/6917026723.html
691969989,0,2.93125,https://images.craigslist.org/00S0S_9EV91oAaSS5_300x300.jpg,https://baltimore.craigslist.org/fuo/d/baltimore-free-couch-futon-mattress/6919699894.html
691968410,200,2.95,https://images.craigslist.org/00R0R_hrctDslHGZ6_300x300.jpg,https://baltimore.craigslist.org/fuo/d/baltimore-huge-comfy-couch-seeks-new/6919684101.html
691179317,500,3.0125,https://images.craigslist.org/01717_1uB01zW7lNd_300x300.jpg,https://baltimore.craigslist.org/fuo/d/glen-burnie-kroehler-couch-love-seat/6911793175.html
691961515,640,3.020138888888889,https://images.craigslist.org/00M0M_clGirXOsh9q_300x300.jpg,https://washingtondc.craigslist.org/mld/fuo/d/elkridge-nearly-brand-new-crate-barrel/6919615154.html
691960597,375,3.0284722222222222,https://images.craigslist.org/00v0v_5UwQEBzZCGS_300x300.jpg,https://baltimore.craigslist.org/fuo/d/parkville-living-room-furniture-couch/6919605971.html
690317170,50,3.03125,https://images.craigslist.org/00505_iSN5gxJ6axA_300x300.jpg,https://annapolis.craigslist.org/fuo/d/annapolis-antique-couch/6903171709.html
691954088,120,3.0729166666666665,https://images.craigslist.org/00E0E_dCPBfXWgYP1_300x300.jpg,https://washingtondc.craigslist.org/nva/fuo/d/westminster-ashley-furniture-fold-out/6919540883.html
690468145,130,3.0743055555555556,https://images.craigslist.org/00y0y_aig2oal7BjZ_300x300.jpg,https://baltimore.craigslist.org/fuo/d/columbia-updated-lovesac-sactional-6/6904681450.html
690469797,700,3.0743055555555556,https://images.craigslist.org/00j0j_4GKXGuyRvxt_300x300.jpg,https://baltimore.craigslist.org/fuo/d/columbia-lovesac-sactional-5-series/6904697973.html
690946921,245,3.0743055555555556,https://images.craigslist.org/00909_6bdSNKdjoWx_300x300.jpg,https://baltimore.craigslist.org/fuo/d/columbia-lovesac-sactional-6-series/6909469213.html
691952201,200,3.082638888888889,https://images.craigslist.org/00D0D_icDym8xiSjL_300x300.jpg,https://baltimore.craigslist.org/fuo/d/pikesville-couch-and-table/6919522010.html
691953163,550,3.091666666666667,https://images.craigslist.org/00G0G_7uwawmraLCu_300x300.jpg,https://washingtondc.craigslist.org/mld/fuo/d/elkridge-custom-made-su-casa-couch-1-yr/6919531630.html
691716729,200,3.160416666666667,https://images.craigslist.org/00000_8JXJbxlhOEQ_300x300.jpg,https://washingtondc.craigslist.org/mld/fuo/d/rockville-pullout-couch-queen-bed/6917167297.html
691943624,0,3.1631944444444446,https://images.craigslist.org/01414_4EN2VYaor3U_300x300.jpg,https://baltimore.craigslist.org/fuo/d/baltimore-large-leather-couch-for-free/6919436242.html
691743375,175,3.2041666666666666,https://images.craigslist.org/00I0I_jDrD6DiKDty_300x300.jpg,https://baltimore.craigslist.org/fuo/d/nottingham-sectional-couch-sofa-must-go/6917433757.html
691936558,30,3.2111111111111112,https://images.craigslist.org/00M0M_cJXNTivYBnF_300x300.jpg,https://baltimore.craigslist.org/fuo/d/baltimore-fabric-couch/6919365586.html
691935898,30,3.2159722222222222,https://images.craigslist.org/00T0T_5K5DAtJQI7r_300x300.jpg,https://baltimore.craigslist.org/fuo/d/baltimore-leather-couch-chair-ottoman/6919358985.html
691934810,350,3.2229166666666664,https://images.craigslist.org/00X0X_1EV7sA8k2RN_300x300.jpg,https://baltimore.craigslist.org/fuo/d/towson-ashley-furniture-couch/6919348107.html
691706798,100,3.2868055555555555,https://images.craigslist.org/00A0A_hSOjnYiyd0V_300x300.jpg,https://baltimore.craigslist.org/fuo/d/nottingham-suede-sectional-couch/6917067981.html
690878171,300,3.36875,https://images.craigslist.org/00X0X_2XzdqibEyz9_300x300.jpg,https://washingtondc.craigslist.org/doc/fuo/d/rockville-leather-couch-needs-to-go-asap/6908781710.html
691912511,750,3.3791666666666664,https://images.craigslist.org/00Q0Q_2JxrM7FywD2_300x300.jpg,https://baltimore.craigslist.org/fuo/d/baltimore-large-suede-couch-with/6919125110.html
691910357,250,3.4,https://images.craigslist.org/01515_1OKm1HDHoAY_300x300.jpg,https://baltimore.craigslist.org/fuo/d/columbia-sectional-leather-couch/6919103577.html
691908594,50,3.417361111111111,https://images.craigslist.org/00707_jzbGQa5w0qp_300x300.jpg,https://baltimore.craigslist.org/fuo/d/severn-couch/6919085940.html
691906517,325,3.4458333333333333,https://images.craigslist.org/00505_3sU9sCRgiVf_300x300.jpg,https://annapolis.craigslist.org/fuo/d/arnold-sectional-couch/6919065170.html
691905323,250,3.467361111111111,https://images.craigslist.org/00S0S_YWHKAEEiCO_300x300.jpg,https://baltimore.craigslist.org/fuo/d/hampstead-couch-by-la-boy-right-and/6919053235.html
691892981,30,3.8819444444444446,https://images.craigslist.org/00t0t_dMfLK8GR7kz_300x300.jpg,https://washingtondc.craigslist.org/mld/fuo/d/college-park-small-couch-4-cushion-slip/6918929817.html
691420134,1750,3.9604166666666667,https://images.craigslist.org/00H0H_g6YYRCn318z_300x300.jpg,https://washingtondc.craigslist.org/mld/fuo/d/beautiful-brand-new-top-grain-leather/6914201343.html
691874295,120,4.107638888888889,https://images.craigslist.org/01616_7Scxq7JKCeP_300x300.jpg,https://washingtondc.craigslist.org/mld/fuo/d/greenbelt-black-couch/6918742950.html
691871762,40,4.131944444444445,https://images.craigslist.org/00B0B_5A82GSqvGN5_300x300.jpg,https://washingtondc.craigslist.org/mld/fuo/d/riverdale-tan-couch/6918717625.html
691866080,80,4.186805555555556,https://images.craigslist.org/00W0W_aI0xUShiHqm_300x300.jpg,https://baltimore.craigslist.org/fuo/d/baltimore-light-grey-couch/6918660801.html
691865462,170,4.192361111111111,https://images.craigslist.org/00B0B_k1RDcFIK3H0_300x300.jpg,https://baltimore.craigslist.org/fuo/d/baltimore-twin-over-futon-convertible/6918654621.html
691864387,350,4.202083333333333,https://images.craigslist.org/00Z0Z_5LNPdSQox4H_300x300.jpg,https://baltimore.craigslist.org/fuo/d/baltimore-la-boy-electric-recliner-couch/6918643879.html
691861697,100,4.227083333333334,https://images.craigslist.org/00u0u_2uIq7lmjk37_300x300.jpg,https://baltimore.craigslist.org/fuo/d/jarrettsville-lay-boy-72-couch/6918616972.html
691859847,499,4.24375,https://images.craigslist.org/00000_avmRWsukPf1_300x300.jpg,https://baltimore.craigslist.org/fuo/d/arnold-comfy-black-microsuede-seater/6918598476.html
691858791,100,4.253472222222222,https://images.craigslist.org/00H0H_aaovlTuu68k_300x300.jpg,https://washingtondc.craigslist.org/mld/fuo/d/silver-spring-couch-drawer-kitchen-table/6918587915.html
691854828,160,4.290972222222222,https://images.craigslist.org/01111_ZlLewce16i_300x300.jpg,https://baltimore.craigslist.org/fuo/d/crofton-ikea-ektorp-3-seat-new-beige/6918548285.html
690729467,0,4.332638888888889,https://images.craigslist.org/00g0g_jRSl6bxiLNy_300x300.jpg,https://washingtondc.craigslist.org/mld/fuo/d/silver-spring-mid-century-couch-daybed/6907294673.html
691087390,300,4.336111111111111,https://images.craigslist.org/00m0m_bCGAN2e2EPE_300x300.jpg,https://baltimore.craigslist.org/fuo/d/cooksville-ikea-stocksund-chaise-lounge/6910873909.html
691087485,300,4.336111111111111,https://images.craigslist.org/00m0m_bCGAN2e2EPE_300x300.jpg,https://frederick.craigslist.org/fuo/d/cooksville-ike-stocksund-lounge-chaise/6910874856.html
691847753,50,4.36875,https://images.craigslist.org/00505_dxkuni3yvpq_300x300.jpg,https://baltimore.craigslist.org/fuo/d/baltimore-couch/6918477536.html
691846994,240,4.378472222222222,https://images.craigslist.org/00L0L_bPSXX4RejyF_300x300.jpg,https://washingtondc.craigslist.org/mld/fuo/d/silver-spring-dark-brown-leather-couch/6918469945.html
691843350,160,4.434722222222222,https://images.craigslist.org/00q0q_aoRq9aTor0j_300x300.jpg,https://washingtondc.craigslist.org/mld/fuo/d/crofton-ikea-ektorp-3-seat-beige-sofa/6918433506.html
691826645,40,4.961805555555555,https://images.craigslist.org/00606_gOS5dGuCara_300x300.jpg,https://baltimore.craigslist.org/fuo/d/baltimore-used-cream-colored-couch-good/6918266458.html
689863551,50,5.049305555555556,https://images.craigslist.org/00H0H_8CqjBnqChpM_300x300.jpg,https://baltimore.craigslist.org/fuo/d/brooklandville-12-year-ol-tc-thayer/6898635512.html
691817395,25,5.071527777777778,https://images.craigslist.org/00R0R_58htCPdM2q9_300x300.jpg,https://baltimore.craigslist.org/fuo/d/westminster-couch/6918173951.html
691810587,50,5.135416666666667,https://images.craigslist.org/00o0o_lgWXwGXvcAh_300x300.jpg,https://baltimore.craigslist.org/fuo/d/baltimore-couch/6918105878.html
691804993,550,5.182638888888889,https://images.craigslist.org/00c0c_5yWS5M3RU4p_300x300.jpg,https://baltimore.craigslist.org/fuo/d/baltimore-beautiful-charcoal-sectional/6918049934.html
691799863,160,5.222222222222222,https://images.craigslist.org/00x0x_8fBMyhV2yis_300x300.jpg,https://baltimore.craigslist.org/fuo/d/baltimore-big-super-comfy-couch/6917998635.html
691794691,99,5.261111111111111,https://images.craigslist.org/00d0d_kKEuYMXVFKL_300x300.jpg,https://baltimore.craigslist.org/fuo/d/elkridge-couch-and-loveseat/6917946917.html
691793542,650,5.270138888888889,https://images.craigslist.org/00r0r_bzmailMieVk_300x300.jpg,https://annapolis.craigslist.org/fuo/d/bowie-black-leather-couch-futon/6917935423.html
691792744,20,5.2756944444444445,https://images.craigslist.org/00303_gx7TiBCWhr0_300x300.jpg,https://baltimore.craigslist.org/fuo/d/dundalk-red-couch/6917927444.html
691787534,150,5.315972222222222,https://images.craigslist.org/00J0J_beCUS15CCxf_300x300.jpg,https://baltimore.craigslist.org/fuo/d/essex-leather-love-seat-couch-chair/6917875343.html
691782624,100,5.356944444444444,https://images.craigslist.org/01515_3foNKjZBleD_300x300.jpg,https://baltimore.craigslist.org/fuo/d/baltimore-bright-orange-ikea-couch/6917826243.html
691778167,300,5.379166666666666,https://images.craigslist.org/00E0E_bwfEx6rllc0_300x300.jpg,https://baltimore.craigslist.org/fuo/d/sleeper-couch-great-condition/6917781670.html
691780271,300,5.379166666666666,https://images.craigslist.org/00505_cAXpihxcd2N_300x300.jpg,https://baltimore.craigslist.org/fuo/d/parkville-couch-and-loveseat/6917802713.html
691779586,300,5.386805555555555,https://images.craigslist.org/00606_3zqQkSwMJ_300x300.jpg,https://washingtondc.craigslist.org/mld/fuo/d/rockville-leather-couch-and-loveseat/6917795861.html
691778789,450,5.395138888888889,https://images.craigslist.org/00202_aAAviMkomxR_300x300.jpg,https://baltimore.craigslist.org/fuo/d/baltimore-su-casa-couch-nearly-brand-new/6917787893.html
691777936,640,5.404861111111111,https://images.craigslist.org/00x0x_4U9HVtDQL7h_300x300.jpg,https://baltimore.craigslist.org/fuo/d/baltimore-crate-and-barrel-couch-nearly/6917779361.html
691777775,40,5.406944444444444,https://images.craigslist.org/01414_53yrNeYyifk_300x300.jpg,https://baltimore.craigslist.org/fuo/d/randallstown-couch-moving-must-go-today/6917777755.html
691777191,100,5.413888888888889,https://images.craigslist.org/01414_7zdU7I2jsPO_300x300.jpg,https://washingtondc.craigslist.org/mld/fuo/d/silver-spring-vintage-80s-leather-couch/6917771912.html
691777016,100,5.415972222222222,https://images.craigslist.org/01414_7zdU7I2jsPO_300x300.jpg,https://washingtondc.craigslist.org/mld/fuo/d/silver-spring-vintage-leather-1980s/6917770163.html
691775786,200,5.434027777777778,https://images.craigslist.org/00x0x_feaCpLw474I_300x300.jpg,https://washingtondc.craigslist.org/mld/fuo/d/rockville-red-sectional-couch/6917757864.html
690767916,175,5.440277777777778,https://images.craigslist.org/00g0g_e4qE0oPSXKV_300x300.jpg,https://washingtondc.craigslist.org/mld/fuo/d/gaithersburg-couch-and-two-chairs/6907679162.html
691775263,100,5.442361111111111,https://images.craigslist.org/00x0x_4gLCTkhxkp6_300x300.jpg,https://washingtondc.craigslist.org/mld/fuo/d/college-park-couch-end-tables/6917752639.html
691772073,550,5.525,https://images.craigslist.org/00H0H_18nKqv2ca4c_300x300.jpg,https://baltimore.craigslist.org/fuo/d/parkville-clausen-sofa-couch-from-birch/6917720738.html
691749105,50,6.031944444444444,https://images.craigslist.org/00I0I_hWkYqwI9hFe_300x300.jpg,https://washingtondc.craigslist.org/mld/fuo/d/baltimore-1970s-ethan-allen-couch/6917491056.html
691747258,110,6.049305555555556,https://images.craigslist.org/00A0A_BloKKwIXUf_300x300.jpg,https://baltimore.craigslist.org/fuo/d/pikesville-black-couch-clean-like-new/6917472581.html
689926786,50,6.165277777777778,https://images.craigslist.org/00S0S_cDMnuPg8jRc_300x300.jpg,https://baltimore.craigslist.org/fuo/d/white-marsh-electric-sectional-couch/6899267867.html
691728391,600,6.195833333333334,https://images.craigslist.org/00r0r_lYfX3e8sxi3_300x300.jpg,https://baltimore.craigslist.org/fuo/d/dundalk-couch-loveseat-brand-new/6917283913.html
691719620,200,6.25625,https://images.craigslist.org/00404_4mxAWUh3SZO_300x300.jpg,https://baltimore.craigslist.org/fuo/d/baltimore-beautiful-maroon-velvet-couch/6917196203.html
691697310,100,6.439583333333333,https://images.craigslist.org/00O0O_8tbQc0pt6an_300x300.jpg,https://annapolis.craigslist.org/fuo/d/arnold-couch/6916973103.html
691697065,80,6.4430555555555555,https://images.craigslist.org/00c0c_7FP47dRdl1z_300x300.jpg,https://washingtondc.craigslist.org/mld/fuo/d/olney-blue-couch/6916970653.html
691678517,10,6.944444444444445,https://images.craigslist.org/00U0U_fYROZT8VU5N_300x300.jpg,https://baltimore.craigslist.org/fuo/d/reisterstown-this-end-up-couch/6916785179.html
691663568,10,7.09375,https://images.craigslist.org/00808_3IT59CmQ471_300x300.jpg,https://baltimore.craigslist.org/fuo/d/baltimore-couch-and-coffee-table/6916635682.html
691661640,1,7.1097222222222225,https://images.craigslist.org/00b0b_acm0dmJnXlm_300x300.jpg,https://baltimore.craigslist.org/fuo/d/long-green-leather-couch/6916616409.html
691656946,500,7.146527777777778,https://images.craigslist.org/01111_jTb2UxtZB5L_300x300.jpg,https://baltimore.craigslist.org/fuo/d/perry-hall-brand-new-couch/6916569462.html
691654232,550,7.166666666666667,https://images.craigslist.org/00m0m_i3wC7UZRU3E_300x300.jpg,https://baltimore.craigslist.org/fuo/d/baltimore-sectional-couch/6916542325.html
691651571,1,7.186805555555556,https://images.craigslist.org/00Q0Q_ivQIgLlfsiC_300x300.jpg,https://baltimore.craigslist.org/fuo/d/baltimore-couch-patio-furniture/6916515718.html
691649490,250,7.201388888888889,https://images.craigslist.org/00D0D_lcoQyGvbFM1_300x300.jpg,https://baltimore.craigslist.org/fuo/d/hunt-valley-yellow-leather-couch/6916494907.html
690616966,500,7.305555555555555,https://images.craigslist.org/00h0h_9jKtJKfiXs6_300x300.jpg,https://baltimore.craigslist.org/fuo/d/sykesville-3-piece-living-room-couch/6906169668.html
690847165,700,7.317361111111111,https://images.craigslist.org/00l0l_fABqK9dy5ls_300x300.jpg,https://baltimore.craigslist.org/fuo/d/baltimore-havertys-amalfi-sectional/6908471651.html
691624464,600,7.388194444444444,https://images.craigslist.org/00b0b_1LKs3c2XtQx_300x300.jpg,https://frederick.craigslist.org/fuo/d/new-windsor-la-boy-couch-chair-and-half/6916244643.html
691618040,450,7.472222222222222,https://images.craigslist.org/00t0t_lWGP1OixqTL_300x300.jpg,https://washingtondc.craigslist.org/mld/fuo/d/columbia-modern-beige-linen-sofa-couch/6916180409.html
691617454,100,7.4875,https://images.craigslist.org/00S0S_51A7BOQZlEY_300x300.jpg,https://washingtondc.craigslist.org/mld/fuo/d/arnold-couch/6916174546.html
691617229,100,7.4944444444444445,https://images.craigslist.org/00S0S_51A7BOQZlEY_300x300.jpg,https://washingtondc.craigslist.org/doc/fuo/d/arnold-couch/6916172295.html
691616953,100,7.502777777777778,https://images.craigslist.org/00S0S_51A7BOQZlEY_300x300.jpg,https://annapolis.craigslist.org/fuo/d/arnold-couch/6916169534.html
691616317,200,7.528472222222222,https://images.craigslist.org/00F0F_dRqEoDVsHLr_300x300.jpg,https://baltimore.craigslist.org/fuo/d/lutherville-timonium-ikea-couch/6916163172.html
691606010,200,7.877083333333333,https://images.craigslist.org/00b0b_ifY6vO9DcnK_300x300.jpg,https://annapolis.craigslist.org/fuo/d/pasadena-3-seat-recliner-couch/6916060106.html
691597092,385,7.9875,https://images.craigslist.org/00J0J_ctLwFkBS09Z_300x300.jpg,https://baltimore.craigslist.org/fuo/d/baltimore-black-leather-couch-great/6915970928.html
691584567,4500,8.102083333333333,https://images.craigslist.org/00h0h_eJTKZ0bRze1_300x300.jpg,https://baltimore.craigslist.org/fuo/d/catonsville-cococo-custom-chesterfield/6915845676.html
691572905,170,8.189583333333333,https://images.craigslist.org/00v0v_2ySQVLs1nrN_300x300.jpg,https://baltimore.craigslist.org/fuo/d/baltimore-couch-bed-queen-memory-foam/6915729058.html
691561600,250,8.268055555555556,https://images.craigslist.org/00H0H_hXNIF2ax7KV_300x300.jpg,https://baltimore.craigslist.org/fuo/d/laurel-beige-love-seat-couch/6915616002.html
691545760,280,8.366666666666667,https://images.craigslist.org/01313_fyguZLZaD4_300x300.jpg,https://baltimore.craigslist.org/fuo/d/baltimore-living-room-set-recliner-couch/6915457608.html
691534266,30,8.727083333333333,https://images.craigslist.org/00000_jr4oV7JY8Et_300x300.jpg,https://baltimore.craigslist.org/fuo/d/rosedale-leather-couch/6915342662.html
691533594,30,8.75,https://images.craigslist.org/00p0p_juHp1i2vboJ_300x300.jpg,https://baltimore.craigslist.org/fuo/d/rosedale-leather-couch/6915335947.html
691532250,0,8.7875,https://images.craigslist.org/01313_hFqz7IIssza_300x300.jpg,https://baltimore.craigslist.org/fuo/d/columbia-furniture-couch-table-chair/6915322507.html
691530750,210,8.817361111111111,https://images.craigslist.org/00D0D_ceQCXVgjRnY_300x300.jpg,https://baltimore.craigslist.org/fuo/d/gwynn-oak-nice-couch/6915307509.html
691527224,50,8.877777777777778,https://images.craigslist.org/00G0G_gGPkEwgaWOV_300x300.jpg,https://baltimore.craigslist.org/fuo/d/baltimore-couch/6915272244.html
691505198,250,9.103472222222223,https://images.craigslist.org/00B0B_hxrSbT0zUiX_300x300.jpg,https://baltimore.craigslist.org/fuo/d/towson-black-couch-and-loveseat-1yr-old/6915051980.html
691494702,100,9.181944444444444,https://images.craigslist.org/00M0M_1gId6BeeFq7_300x300.jpg,https://baltimore.craigslist.org/fuo/d/finksburg-brown-couch/6914947024.html
691494732,25,9.181944444444444,https://images.craigslist.org/00c0c_jeHgDHv8WO1_300x300.jpg,https://baltimore.craigslist.org/fuo/d/finksburg-couch/6914947327.html
691490255,50,9.213194444444444,https://images.craigslist.org/00303_kJ5FeOegl6N_300x300.jpg,https://baltimore.craigslist.org/fuo/d/columbia-couch/6914902559.html
691475893,40,9.311111111111112,https://images.craigslist.org/00U0U_h7BXYrUDHgA_300x300.jpg,https://baltimore.craigslist.org/fuo/d/perry-hall-brown-couch-slipcover/6914758936.html
691468762,0,9.365277777777777,https://images.craigslist.org/00z0z_kQhAQdEiMkI_300x300.jpg,https://baltimore.craigslist.org/fuo/d/baltimore-red-leather-couch-for-sale/6914687624.html
691468580,50,9.366666666666667,https://images.craigslist.org/00C0C_e7Ma113bd6u_300x300.jpg,https://baltimore.craigslist.org/fuo/d/baltimore-moving-sale-couch-sectional/6914685801.html
691442659,400,9.934027777777779,https://images.craigslist.org/00z0z_bLZWcZlnwF2_300x300.jpg,https://baltimore.craigslist.org/fuo/d/baltimore-brown-leather-couch/6914426592.html
691420835,125,10.129166666666666,https://images.craigslist.org/00202_i6UvBNwhP4S_300x300.jpg,https://baltimore.craigslist.org/fuo/d/nottingham-couch-loveseat-white-leather/6914208351.html
691414813,175,10.171527777777778,https://images.craigslist.org/01111_j94jECaNPz4_300x300.jpg,https://baltimore.craigslist.org/fuo/d/linthicum-heights-nice-couch/6914148131.html
691412903,200,10.184722222222222,https://images.craigslist.org/00m0m_87msVxV45LM_300x300.jpg,https://baltimore.craigslist.org/fuo/d/baltimore-couch-82-x-37-x-33h/6914129036.html
691401755,800,10.261805555555556,https://images.craigslist.org/00B0B_s5QmL1r9i4_300x300.jpg,https://baltimore.craigslist.org/fuo/d/baltimore-la-boy-sectional-couch/6914017552.html
691377659,300,10.455555555555556,https://images.craigslist.org/00E0E_bwfEx6rllc0_300x300.jpg,https://baltimore.craigslist.org/fuo/d/sleeper-couch-great-condition/6913776597.html
689522574,150,10.955555555555556,https://images.craigslist.org/00Q0Q_j1VffxW3VKn_300x300.jpg,https://baltimore.craigslist.org/fuo/d/glen-burnie-moving-sale-off-white-couch/6895225742.html
691346719,250,11.138194444444444,https://images.craigslist.org/00q0q_4WrHYVfG5kb_300x300.jpg,https://annapolis.craigslist.org/fuo/d/bowie-couch-and-loveseat/6913467193.html
691333611,70,11.275694444444444,https://images.craigslist.org/00J0J_9oW6q7ELv4X_300x300.jpg,https://baltimore.craigslist.org/fuo/d/baltimore-large-couch/6913336115.html
691314187,30,11.796527777777778,https://images.craigslist.org/01717_8EqDHCAzCHX_300x300.jpg,https://baltimore.craigslist.org/fuo/d/baltimore-couch-loveseat-and-four/6913141871.html
691309049,100,11.905555555555555,https://images.craigslist.org/00o0o_37wEH3BQxhr_300x300.jpg,https://annapolis.craigslist.org/fuo/d/annapolis-like-new-couch/6913090495.html
690694374,250,11.99375,https://images.craigslist.org/00i0i_g6WsPoWrhPz_300x300.jpg,https://baltimore.craigslist.org/fuo/d/joppa-broyhill-couch-and-loveseat/6906943740.html
691302209,100,12.004166666666666,https://images.craigslist.org/00O0O_17mEnwjvSW8_300x300.jpg,https://baltimore.craigslist.org/fuo/d/lutherville-timonium-loveseat-recliner/6913022099.html
691298874,400,12.043055555555556,https://images.craigslist.org/00F0F_c2pwhVyFqZQ_300x300.jpg,https://annapolis.craigslist.org/fuo/d/annapolis-couch-and-loveseat/6912988748.html
691292865,1000,12.102777777777778,https://images.craigslist.org/00w0w_k7Vo1OhxUzN_300x300.jpg,https://annapolis.craigslist.org/fuo/d/glen-burnie-movie-theater-couch/6912928655.html
691291710,495,12.113194444444444,https://images.craigslist.org/00o0o_2r2gNlAVoAF_300x300.jpg,https://baltimore.craigslist.org/fuo/d/windsor-mill-sectional-couch/6912917104.html
691288115,800,12.144444444444444,https://images.craigslist.org/00K0K_gV6RjkHF3IT_300x300.jpg,https://baltimore.craigslist.org/fuo/d/baltimore-couch-and-recliners/6912881154.html
691286198,300,12.161111111111111,https://images.craigslist.org/00707_acwAbJyFGjr_300x300.jpg,https://baltimore.craigslist.org/fuo/d/baltimore-living-room-couch/6912861986.html
691269810,450,12.288194444444445,https://images.craigslist.org/00s0s_hrANDGSBFt9_300x300.jpg,https://baltimore.craigslist.org/fuo/d/ellicott-city-leather-couch-and-recliner/6912698103.html
691255139,275,12.425,https://images.craigslist.org/00h0h_fkJlPilYthp_300x300.jpg,https://baltimore.craigslist.org/fuo/d/perry-hall-couch-set/6912551392.html
690722437,35,12.438194444444445,https://images.craigslist.org/00X0X_jm1b4vaNxst_300x300.jpg,https://baltimore.craigslist.org/fuo/d/pikesville-couch-moving-sale/6907224370.html
689180890,60,12.952083333333334,https://images.craigslist.org/00M0M_gO1nnmr74Kt_300x300.jpg,https://baltimore.craigslist.org/fuo/d/baltimore-comfy-couch-free-delivery/6891808909.html
691204018,150,13.222222222222221,https://images.craigslist.org/01414_1admoS4PH7H_300x300.jpg,https://baltimore.craigslist.org/fuo/d/baltimore-love-seat-couch-pull-out-bed/6912040187.html
691193800,0,13.29375,https://images.craigslist.org/01414_bsqnVU6NX2o_300x300.jpg,https://baltimore.craigslist.org/fuo/d/baltimore-couch/6911938003.html
691178845,150,13.416666666666666,https://images.craigslist.org/00S0S_51A7BOQZlEY_300x300.jpg,https://baltimore.craigslist.org/fuo/d/arnold-couch/6911788453.html
691178628,150,13.41875,https://images.craigslist.org/00S0S_51A7BOQZlEY_300x300.jpg,https://annapolis.craigslist.org/fuo/d/arnold-couch/6911786281.html
691176725,250,13.445833333333333,https://images.craigslist.org/00K0K_5Xy9xVIyxEe_300x300.jpg,https://baltimore.craigslist.org/fuo/d/elkridge-brown-couch-250-obo-must-go/6911767254.html
691156557,150,13.970138888888888,https://images.craigslist.org/00404_iuR7ifOkzj1_300x300.jpg,https://annapolis.craigslist.org/fuo/d/pasadena-ashley-furniture-couch/6911565579.html
691127908,500,14.213888888888889,https://images.craigslist.org/00o0o_6HAMevIAzC5_300x300.jpg,https://baltimore.craigslist.org/fuo/d/baltimore-couch-set/6911279081.html
691122455,50,14.254166666666666,https://images.craigslist.org/00K0K_boJoaGcysJn_300x300.jpg,https://baltimore.craigslist.org/fuo/d/finksburg-large-couch/6911224559.html
690911217,0,14.313194444444445,https://images.craigslist.org/01717_5YMkWN9kom5_300x300.jpg,https://baltimore.craigslist.org/fuo/d/parkville-couch-table-microwave/6909112177.html
691097399,200,14.502777777777778,https://images.craigslist.org/00O0O_8tbQc0pt6an_300x300.jpg,https://annapolis.craigslist.org/fuo/d/arnold-couch/6910973990.html
691086425,150,14.878472222222221,https://images.craigslist.org/00g0g_6HRb5hG3C94_300x300.jpg,https://baltimore.craigslist.org/fuo/d/pikesville-comfortable-couch/6910864257.html
691048139,25,15.23125,https://images.craigslist.org/00909_fdrjP306qgU_300x300.jpg,https://baltimore.craigslist.org/fuo/d/baltimore-couch/6910481391.html
691045337,250,15.250694444444445,https://images.craigslist.org/00M0M_8pQjZVQnjth_300x300.jpg,https://baltimore.craigslist.org/fuo/d/towson-sectional-grey-couch/6910453378.html
691040948,300,15.281944444444445,https://images.craigslist.org/00q0q_bKSyKadETn_300x300.jpg,https://baltimore.craigslist.org/fuo/d/elkridge-nice-white-couch/6910409483.html
690388361,1,15.282638888888888,https://images.craigslist.org/00v0v_gsXc9jmAYqQ_300x300.jpg,https://baltimore.craigslist.org/fuo/d/perry-hall-couch-sofa/6903883613.html
691039529,150,15.291666666666666,https://images.craigslist.org/00101_b01N3WtJEEj_300x300.jpg,https://baltimore.craigslist.org/fuo/d/laurel-ikea-couch/6910395290.html
689556370,350,15.672916666666666,https://images.craigslist.org/00g0g_5XoeNkTDCLb_300x300.jpg,https://baltimore.craigslist.org/fuo/d/baltimore-couch-set-and-ottoman-for-sale/6895563702.html
690321537,40,15.772222222222222,https://images.craigslist.org/00s0s_h4nI80lgUOH_300x300.jpg,https://baltimore.craigslist.org/fuo/d/baltimore-great-couch-for-sale/6903215379.html
691010940,75,15.84375,https://images.craigslist.org/00T0T_5RTb2acavi6_300x300.jpg,https://frederick.craigslist.org/fuo/d/new-windsor-couch-and-armchair/6910109405.html
690065134,40,15.85625,https://images.craigslist.org/00606_81vQwI8QATd_300x300.jpg,https://baltimore.craigslist.org/fuo/d/hanover-chairs-couch/6900651341.html
690995705,100,16.030555555555555,https://images.craigslist.org/00h0h_lW6yOpS6PoJ_300x300.jpg,https://baltimore.craigslist.org/fuo/d/baltimore-couch-for-sale/6909957054.html
690490819,300,16.19236111111111,https://images.craigslist.org/01010_9aPm4hPeC1E_300x300.jpg,https://baltimore.craigslist.org/fuo/d/abingdon-couch-sectional/6904908194.html
690953699,300,16.33125,https://images.craigslist.org/00E0E_bwfEx6rllc0_300x300.jpg,https://baltimore.craigslist.org/fuo/d/sleeper-couch-great-condition/6909536994.html
690951917,150,16.361805555555556,https://images.craigslist.org/00I0I_hWkYqwI9hFe_300x300.jpg,https://baltimore.craigslist.org/fuo/d/baltimore-vintage-1970s-ethan-allen/6909519175.html
690943792,250,16.444444444444443,https://images.craigslist.org/00K0K_4c4kjzuRDwk_300x300.jpg,https://baltimore.craigslist.org/fuo/d/baltimore-couch/6909437929.html
690926476,250,16.924305555555556,https://images.craigslist.org/00A0A_k6sRte1teQd_300x300.jpg,https://baltimore.craigslist.org/fuo/d/baltimore-couch-la-boy-recliner-coffee/6909264764.html
690920840,100,16.986805555555556,https://images.craigslist.org/00q0q_lGTdUFYwfwE_300x300.jpg,https://baltimore.craigslist.org/fuo/d/essex-couch-set/6909208402.html
690885731,300,17.257638888888888,https://images.craigslist.org/00w0w_1EK2fcbixaC_300x300.jpg,https://baltimore.craigslist.org/fuo/d/joppa-grey-couch/6908857312.html
690878827,300,17.28472222222222,https://images.craigslist.org/00q0q_ihgmSmoFk8i_300x300.jpg,https://baltimore.craigslist.org/fuo/d/sleeper-couch-great-condition/6908788279.html
689853279,75,17.349305555555556,https://images.craigslist.org/00606_4oFCWpLAIu0_300x300.jpg,https://annapolis.craigslist.org/fuo/d/edgewater-ethan-allen-sofa-couch/6898532796.html
690416921,175,17.572916666666668,https://images.craigslist.org/00I0I_7q9FtfpuWmg_300x300.jpg,https://annapolis.craigslist.org/fuo/d/annapolis-elegant-french-style-sofa/6904169214.html
690831186,300,18.106944444444444,https://images.craigslist.org/01212_innR85qcBiy_300x300.jpg,https://baltimore.craigslist.org/fuo/d/gwynn-oak-grey-couch/6908311861.html
690827528,0,18.143055555555556,https://images.craigslist.org/01111_cmHslBYqAyV_300x300.jpg,https://baltimore.craigslist.org/fuo/d/baltimore-free-couch/6908275281.html
690825379,180,18.164583333333333,https://images.craigslist.org/00808_1t2kRitw2wK_300x300.jpg,https://baltimore.craigslist.org/fuo/d/baltimore-couch-bed-futon/6908253799.html
690811446,300,18.294444444444444,https://images.craigslist.org/00q0q_cEXnnNYryRU_300x300.jpg,https://baltimore.craigslist.org/fuo/d/gwynn-oak-grey-couch/6908114466.html
690196126,40,18.36875,https://images.craigslist.org/00d0d_lMnSJW6o6V5_300x300.jpg,https://baltimore.craigslist.org/fuo/d/bel-air-suede-microfiber-couch-and/6901961268.html
690790083,200,18.860416666666666,https://images.craigslist.org/00707_jUX5Ml81ghu_300x300.jpg,https://baltimore.craigslist.org/fuo/d/baltimore-white-dining-or-kitchen-table/6907900834.html
690771644,60,19.103472222222223,https://images.craigslist.org/00S0S_69Och7UY1bn_300x300.jpg,https://baltimore.craigslist.org/fuo/d/parkville-black-leather-couch/6907716442.html
690768218,50,19.134722222222223,https://images.craigslist.org/00n0n_2JSI3Fjizf6_300x300.jpg,https://baltimore.craigslist.org/fuo/d/laurel-spacious-and-clean-couch-reduced/6907682183.html
690747563,250,19.27638888888889,https://images.craigslist.org/00y0y_lGOhC0uc7jk_300x300.jpg,https://baltimore.craigslist.org/fuo/d/nottingham-older-la-boy-couch-and/6907475639.html
690749209,450,19.284027777777776,https://images.craigslist.org/00o0o_eUTTNYJMaM1_300x300.jpg,https://baltimore.craigslist.org/fuo/d/fulton-great-and-comfortable-couch/6907492099.html
690740233,680,19.356944444444444,https://images.craigslist.org/00I0I_9B3saOZxpHg_300x300.jpg,https://baltimore.craigslist.org/fuo/d/baltimore-ikea-couch/6907402331.html
690669520,50,20.318055555555556,https://images.craigslist.org/00q0q_dKjGTTtkx9z_300x300.jpg,https://baltimore.craigslist.org/fuo/d/nottingham-italian-leather-couch-and/6906695201.html
690666185,150,20.343055555555555,https://images.craigslist.org/00909_hmfE9VnYa9U_300x300.jpg,https://annapolis.craigslist.org/fuo/d/crofton-couch-sectional-sofa/6906661850.html
690662848,275,20.354861111111113,https://images.craigslist.org/00a0a_arWeV3uoZZe_300x300.jpg,https://baltimore.craigslist.org/fuo/d/cofortable-leather-2pc-sofa-couch/6906628488.html
690660946,300,20.367361111111112,https://images.craigslist.org/00q0q_ihgmSmoFk8i_300x300.jpg,https://baltimore.craigslist.org/fuo/d/sleeper-couch-great-condition/6906609465.html
690656415,450,20.440277777777776,https://images.craigslist.org/00Y0Y_flV23xpxkub_300x300.jpg,https://baltimore.craigslist.org/fuo/d/baltimore-large-sectional-couch/6906564152.html
689926916,50,20.46388888888889,https://images.craigslist.org/00P0P_9kuVsslubgN_300x300.jpg,https://baltimore.craigslist.org/fuo/d/baltimore-couch-and-ottoman/6899269164.html
690633189,75,21.00138888888889,https://images.craigslist.org/00O0O_29UBql8AqZ1_300x300.jpg,https://baltimore.craigslist.org/fuo/d/windsor-mill-couch-and-coffee-table/6906331890.html
690631315,50,21.021527777777777,https://images.craigslist.org/00F0F_cNk4vnFu2eM_300x300.jpg,https://baltimore.craigslist.org/fuo/d/baltimore-couch-for-sale/6906313153.html
690617682,75,21.14236111111111,https://images.craigslist.org/00w0w_fWzcXRRabiE_300x300.jpg,https://baltimore.craigslist.org/fuo/d/baltimore-leather-sleeper-couch/6906176820.html
689461165,400,21.174305555555556,https://images.craigslist.org/00B0B_7d88S2HqArr_300x300.jpg,https://baltimore.craigslist.org/fuo/d/abingdon-leather-couch/6894611657.html
689546842,150,21.368055555555557,https://images.craigslist.org/00q0q_3zCAxc85taQ_300x300.jpg,https://baltimore.craigslist.org/fuo/d/baltimore-comfortable-blue-couch/6895468428.html
690565170,10,21.922916666666666,https://images.craigslist.org/00n0n_fqS81STU42O_300x300.jpg,https://baltimore.craigslist.org/fuo/d/parkville-dark-blue-navy-used-sofa-bed/6905651700.html
690524005,50,22.275694444444444,https://images.craigslist.org/00e0e_j3uyHYq2IXm_300x300.jpg,https://baltimore.craigslist.org/fuo/d/hampstead-clean-couch/6905240052.html
690509412,20,22.389583333333334,https://images.craigslist.org/00t0t_3TJWyrJua6o_300x300.jpg,https://baltimore.craigslist.org/fuo/d/bel-air-microfiber-couch/6905094127.html
688312383,110,23.136805555555554,https://images.craigslist.org/00y0y_kGXuu8qGBHl_300x300.jpg,https://baltimore.craigslist.org/fuo/d/columbia-lovesac-sactional-6-series/6883123837.html
690041075,275,23.4125,https://images.craigslist.org/01212_cEIjAH9sZFJ_300x300.jpg,https://baltimore.craigslist.org/fuo/d/laurel-red-couch/6900410758.html
690417193,180,23.840972222222224,https://images.craigslist.org/00i0i_e71wGra92oM_300x300.jpg,https://baltimore.craigslist.org/fuo/d/columbia-sofa-couch-and-loveseat-set/6904171939.html
690385639,50,24.15486111111111,https://images.craigslist.org/00101_8al9lJTXoEs_300x300.jpg,https://baltimore.craigslist.org/fuo/d/baltimore-tan-leather-couch/6903856394.html
690349721,300,24.427777777777777,https://images.craigslist.org/00m0m_4sYvXiDDMOd_300x300.jpg,https://baltimore.craigslist.org/fuo/d/gwynn-oak-couch-must-go/6903497217.html
690329267,150,24.952083333333334,https://images.craigslist.org/00j0j_EIKvSvJh9r_300x300.jpg,https://baltimore.craigslist.org/fuo/d/columbia-couch-sofa-bed-and-love-seat/6903292672.html
690304974,50,25.209722222222222,https://images.craigslist.org/01111_1W9iHA7xQy9_300x300.jpg,https://baltimore.craigslist.org/fuo/d/catonsville-beige-leather-loveseat-couch/6903049749.html
690300235,400,25.252777777777776,https://images.craigslist.org/00r0r_5B1waE9INMK_300x300.jpg,https://baltimore.craigslist.org/fuo/d/baltimore-purple-sofa-couch/6903002353.html
689912953,70,25.260416666666668,https://images.craigslist.org/00U0U_1AoWJe53TYO_300x300.jpg,https://baltimore.craigslist.org/fuo/d/parkville-green-couch/6899129534.html
688091813,125,25.840972222222224,https://images.craigslist.org/00P0P_7zTy5DS0tdK_300x300.jpg,https://baltimore.craigslist.org/fuo/d/towson-king-colonial-couch-chairs-and/6880918132.html
690251536,75,26.125,https://images.craigslist.org/00h0h_dWD5C3cKV0q_300x300.jpg,https://baltimore.craigslist.org/fuo/d/forest-hill-la-boy-couch-with-slumber/6902515369.html
690227873,75,26.309722222222224,https://images.craigslist.org/01717_gjFqT7lkwQN_300x300.jpg,https://annapolis.craigslist.org/fuo/d/annapolis-sturdy-couch/6902278730.html
690227425,320,26.313194444444445,https://images.craigslist.org/00q0q_cEXnnNYryRU_300x300.jpg,https://baltimore.craigslist.org/fuo/d/gwynn-oak-grey-couch/6902274256.html
690216373,100,26.415972222222223,https://images.craigslist.org/00202_aMsyWI6gvdT_300x300.jpg,https://baltimore.craigslist.org/fuo/d/baltimore-navy-blue-couch/6902163730.html
690214147,50,26.449305555555554,https://images.craigslist.org/00g0g_kdS2HPfLRML_300x300.jpg,https://baltimore.craigslist.org/fuo/d/elkridge-couch-loveseat-and-pillows/6902141475.html
690199079,50,26.903472222222224,https://images.craigslist.org/00a0a_cPsXv1KDIP2_300x300.jpg,https://annapolis.craigslist.org/fuo/d/hanover-couch/6901990796.html
690181983,100,27.084722222222222,https://images.craigslist.org/00L0L_9vnM6k15EDN_300x300.jpg,https://baltimore.craigslist.org/fuo/d/baltimore-couch-ottoman-in-near-perfect/6901819837.html
690179025,350,27.10902777777778,https://images.craigslist.org/00g0g_5XoeNkTDCLb_300x300.jpg,https://baltimore.craigslist.org/fuo/d/baltimore-couch-set-and-ottoman-for/6901790252.html
690140991,300,27.39236111111111,https://images.craigslist.org/00E0E_fPXCKBUXTjA_300x300.jpg,https://baltimore.craigslist.org/fuo/d/baltimore-three-seat-microfiber-couch/6901409916.html
690137871,150,27.425694444444446,https://images.craigslist.org/00E0E_ieHmNLMMGeB_300x300.jpg,https://baltimore.craigslist.org/fuo/d/baltimore-red-couch/6901378714.html
690126551,375,27.8125,https://images.craigslist.org/00m0m_4sYvXiDDMOd_300x300.jpg,https://baltimore.craigslist.org/fuo/d/gwynn-oak-great-grey-couch/6901265518.html
690111169,0,28.01736111111111,https://images.craigslist.org/00t0t_8fr5nnO6H8P_300x300.jpg,https://baltimore.craigslist.org/fuo/d/baltimore-free-leather-couch-and-love/6901111699.html
690106473,200,28.06111111111111,https://images.craigslist.org/01212_ga5h7tbS4R8_300x300.jpg,https://baltimore.craigslist.org/fuo/d/hunt-valley-cloth-recliner-couch-sofa/6901064737.html
690093568,10,28.167361111111113,https://images.craigslist.org/00x0x_RC14ciGoQy_300x300.jpg,https://baltimore.craigslist.org/fuo/d/baltimore-couch-desks-computer-chairs/6900935686.html
689774465,0,28.23611111111111,https://images.craigslist.org/00l0l_2LpvPc2bTQJ_300x300.jpg,https://baltimore.craigslist.org/fuo/d/baltimore-free-couch/6897744653.html
690045227,125,28.861805555555556,https://images.craigslist.org/00202_iNLGFegCkYw_300x300.jpg,https://baltimore.craigslist.org/fuo/d/bel-air-couch-matching-chairs/6900452272.html
690043552,998,28.886805555555554,https://images.craigslist.org/01414_7lG9bnPbiH7_300x300.jpg,https://baltimore.craigslist.org/fuo/d/elkridge-gamers-dream-couch/6900435520.html
690041044,275,28.919444444444444,https://images.craigslist.org/01212_cEIjAH9sZFJ_300x300.jpg,https://baltimore.craigslist.org/fuo/d/laurel-red-couch/6900410443.html
690037929,400,28.95486111111111,https://images.craigslist.org/00k0k_jZB7XCLTTGE_300x300.jpg,https://baltimore.craigslist.org/fuo/d/baltimore-thomasville-couch-with-pillows/6900379290.html
690031617,175,29.019444444444446,https://images.craigslist.org/00Z0Z_Zwpxeo0WYy_300x300.jpg,https://frederick.craigslist.org/fuo/d/westminster-couch-chair-with-ottoman/6900316171.html
690004708,300,29.225694444444443,https://images.craigslist.org/00u0u_8inGY6wHYIU_300x300.jpg,https://baltimore.craigslist.org/fuo/d/towson-couch/6900047084.html
689986223,75,29.354861111111113,https://images.craigslist.org/01414_dHKMfH89Iga_300x300.jpg,https://annapolis.craigslist.org/fuo/d/annapolis-love-seat-couch-very-comfy/6899862232.html
689954660,225,29.97222222222222,https://images.craigslist.org/00i0i_a0DRNNBT5SN_300x300.jpg,https://annapolis.craigslist.org/fuo/d/odenton-leather-recliner-couch/6899546607.html
689951758,25,30.00138888888889,https://images.craigslist.org/00202_kTn2FSWXfJS_300x300.jpg,https://baltimore.craigslist.org/fuo/d/elkridge-brown-couch/6899517586.html
689210255,150,30.013194444444444,https://images.craigslist.org/01212_5H2LlpRIx6N_300x300.jpg,https://baltimore.craigslist.org/fuo/d/glen-burnie-couch-and-ottoman-good/6892102550.html
691151790,900,0.1875,https://images.craigslist.org/00c0c_7jurMoHyVLy_300x300.jpg,https://washingtondc.craigslist.org/mld/fuo/d/olney-perfect-condition-pottery-barn-pb/6911517908.html
689941338,600,30.09027777777778,https://images.craigslist.org/00P0P_4RGdbPgC7sa_300x300.jpg,https://westmd.craigslist.org/fuo/d/silver-spring-brand-new-couch-love-seat/6899413380.html
689939176,0,30.106944444444444,https://images.craigslist.org/01717_R9Q5a0Hjsq_300x300.jpg,https://annapolis.craigslist.org/fuo/d/odenton-couch/6899391764.html
689937921,75,30.115972222222222,https://images.craigslist.org/00O0O_eVX4m6mkHOK_300x300.jpg,https://baltimore.craigslist.org/fuo/d/annapolis-couch-love-seat-set/6899379219.html
691695101,250,0.36180555555555555,https://images.craigslist.org/00U0U_cTyzlLuqBVQ_300x300.jpg,https://baltimore.craigslist.org/fuo/d/baltimore-leather-sofa-in-great-shape/6916951012.html
690804192,100,0.4701388888888889,https://images.craigslist.org/01616_PvIgY9htaj_300x300.jpg,https://annapolis.craigslist.org/fuo/d/annapolis-ethan-allen-sleeper-sofa-bed/6908041927.html
692140553,500,0.5069444444444444,https://images.craigslist.org/01212_gO81dLtc28e_300x300.jpg,https://baltimore.craigslist.org/fuo/d/randallstown-mid-century-viko/6921405537.html
689920087,100,30.238194444444446,https://images.craigslist.org/00R0R_5uaYKMJddjT_300x300.jpg,https://annapolis.craigslist.org/fuo/d/annapolis-henredon-couch-and-chair/6899200871.html
689915590,150,30.268055555555556,https://images.craigslist.org/00I0I_ivvPLCNduyG_300x300.jpg,https://baltimore.craigslist.org/fuo/d/catonsville-pull-out-couch/6899155908.html
689912281,150,30.288888888888888,https://images.craigslist.org/00L0L_7l8nwmpIvPz_300x300.jpg,https://baltimore.craigslist.org/fuo/d/baltimore-couch/6899122814.html
692125159,100,0.9465277777777777,https://images.craigslist.org/00505_87y3m1izO64_300x300.jpg,https://baltimore.craigslist.org/fuo/d/baltimore-everything-must-go/6921251596.html
691499002,82,0.9923611111111111,https://images.craigslist.org/00z0z_e2BeOwXUofE_300x300.jpg,https://baltimore.craigslist.org/fuo/d/halethorpe-black-futon-bed/6914990029.html
691807803,350,1.1604166666666667,https://images.craigslist.org/00202_ergPf6VfmWB_300x300.jpg,https://baltimore.craigslist.org/fuo/d/fort-howard-two-couches-and-coffee-table/6918078034.html
690321832,30,1.2215277777777778,https://images.craigslist.org/01111_bXAkTesND5n_300x300.jpg,https://annapolis.craigslist.org/fuo/d/annapolis-ikea-ektorp-sofa-love-seat/6903218324.html
690749352,5,1.3868055555555556,https://images.craigslist.org/00i0i_lRGoXmPLptV_300x300.jpg,https://baltimore.craigslist.org/fuo/d/owings-mills-moving-sale-chairs-rugs/6907493521.html
690332111,100,1.9118055555555555,https://images.craigslist.org/01616_PvIgY9htaj_300x300.jpg,https://annapolis.craigslist.org/fuo/d/annapolis-ethan-allen-sleeper-sofa-bed/6903321115.html
692041045,250,2.0215277777777776,https://images.craigslist.org/00b0b_j7yUFRPhLo1_300x300.jpg,https://baltimore.craigslist.org/fuo/d/columbia-moving-sale-pier-1-sectional/6920410458.html
689793411,1500,2.3375,https://images.craigslist.org/00v0v_d9UUlwdnTMl_300x300.jpg,https://annapolis.craigslist.org/fuo/d/edgewater-antique-hand-carved-teak/6897934110.html
690530174,400,2.4055555555555554,https://images.craigslist.org/00E0E_lQKgyv5rITM_300x300.jpg,https://washingtondc.craigslist.org/doc/fuo/d/hyattsville-vintage-danish-teak-sofa/6905301742.html
690456163,900,2.435416666666667,https://images.craigslist.org/00R0R_dV7R5zZpayG_300x300.jpg,https://baltimore.craigslist.org/fuo/d/clarksville-luxury-handmade-wood/6904561634.html
689882515,400,30.83125,https://images.craigslist.org/01111_bHXKlpjOItW_300x300.jpg,https://annapolis.craigslist.org/fuo/d/annapolis-couch-matching-chair-ottoman/6898825158.html
688044279,375,30.898611111111112,https://images.craigslist.org/00a0a_1S1p2T9xdBB_300x300.jpg,https://annapolis.craigslist.org/fuo/d/gambrills-southwood-couch/6880442797.html
691977643,0,2.821527777777778,https://images.craigslist.org/01414_13se3KdOBSk_300x300.jpg,https://annapolis.craigslist.org/fuo/d/crofton-huge-moving-sale/6919776437.html
691976292,300,2.84375,https://images.craigslist.org/00202_5orpCrbRiAt_300x300.jpg,https://baltimore.craigslist.org/fuo/d/essex-sofa-leather-shaped/6919762926.html
691442911,500,2.9868055555555557,https://images.craigslist.org/00Q0Q_3bvZiVc7vl8_300x300.jpg,https://baltimore.craigslist.org/fuo/d/baltimore-1525-luna-loveseat-sofa-by/6914429117.html
691960238,150,3.0319444444444446,https://images.craigslist.org/00y0y_iWm6Ed5mg3Q_300x300.jpg,https://washingtondc.craigslist.org/mld/fuo/d/silver-spring-settee-loveseats/6919602382.html
691930552,0,3.252083333333333,https://images.craigslist.org/00Y0Y_dK69OVzHyDB_300x300.jpg,https://washingtondc.craigslist.org/mld/fuo/d/silver-spring-brown-ashley-sectional/6919305520.html
691553662,600,3.297222222222222,https://images.craigslist.org/01414_5pdwyug6tf_300x300.jpg,https://baltimore.craigslist.org/fuo/d/baltimore-room-and-board-sofa-ottoman/6915536628.html
691612623,85,3.7916666666666665,https://images.craigslist.org/00u0u_24mCOFVbeC3_300x300.jpg,https://washingtondc.craigslist.org/mld/fuo/d/silver-spring-mid-century-modern-large/6916126230.html
689839519,60,31.28125,https://images.craigslist.org/00303_d58Meok4GDO_300x300.jpg,https://annapolis.craigslist.org/fuo/d/owings-mills-couch-sofa-for-sale/6898395195.html
689836551,450,31.305555555555557,https://images.craigslist.org/00m0m_4sYvXiDDMOd_300x300.jpg,https://baltimore.craigslist.org/fuo/d/gwynn-oak-grey-couch-sale/6898365519.html
691484648,300,3.9875,https://images.craigslist.org/00l0l_jI3Xcfa9rt4_300x300.jpg,https://baltimore.craigslist.org/fuo/d/baltimore-gray-ikea-sofa/6914846482.html
689883383,40,4.01875,https://images.craigslist.org/00v0v_abtJbXBKU8c_300x300.jpg,https://baltimore.craigslist.org/fuo/d/commercial-office-chairs-100-available/6898833835.html
691869348,250,4.155555555555556,https://images.craigslist.org/00c0c_2zj1iIBAUYd_300x300.jpg,https://washingtondc.craigslist.org/mld/fuo/d/abingdon-3-piece-reclining-sofa/6918693484.html
691726723,450,4.1930555555555555,https://images.craigslist.org/00808_cKJEE2wIUAl_300x300.jpg,https://washingtondc.craigslist.org/mld/fuo/d/columbia-reduced-like-new-brown-bonded/6917267232.html
691862878,90,4.215972222222222,https://images.craigslist.org/00b0b_gYLlhj32G3z_300x300.jpg,https://washingtondc.craigslist.org/mld/fuo/d/gaithersburg-almost-new-foldable-full/6918628785.html
691861465,800,4.229166666666667,https://images.craigslist.org/00404_hpmuXHsihe7_300x300.jpg,https://baltimore.craigslist.org/fuo/d/baltimore-soderhman-ikea-sectional/6918614654.html
691858273,750,4.258333333333334,https://images.craigslist.org/00f0f_cmDmo0KIE7l_300x300.jpg,https://washingtondc.craigslist.org/doc/fuo/d/glenn-dale-leather-sectional-chaise/6918582731.html
689824697,500,31.426388888888887,https://images.craigslist.org/00808_ga77fvghVts_300x300.jpg,https://baltimore.craigslist.org/fuo/d/brooklyn-leather-couch/6898246978.html
689824286,120,31.43402777777778,https://images.craigslist.org/01515_1RhCoCy7DIm_300x300.jpg,https://baltimore.craigslist.org/fuo/d/nottingham-ikea-ektorp-couch/6898242861.html
689763915,100,4.413888888888889,https://images.craigslist.org/00000_lpLy8drNs2p_300x300.jpg,https://baltimore.craigslist.org/fuo/d/columbia-selling-furniture/6897639153.html
690627376,500,4.4527777777777775,https://images.craigslist.org/00W0W_5zgQ1iBg0lT_300x300.jpg,https://washingtondc.craigslist.org/mld/fuo/d/silver-spring-italian-leather-living/6906273761.html
691841027,1500,4.499305555555556,https://images.craigslist.org/00n0n_1XqUHXKTwd9_300x300.jpg,https://baltimore.craigslist.org/fuo/d/pasadena-huge-microfiber-sectional/6918410276.html
691839856,650,4.576388888888889,https://images.craigslist.org/00X0X_9Lhi3jQABXv_300x300.jpg,https://baltimore.craigslist.org/fuo/d/hunt-valley-cherrywood-living-room-set/6918398565.html
690626905,150,4.938888888888889,https://images.craigslist.org/00J0J_45SrWILnNBo_300x300.jpg,https://annapolis.craigslist.org/fuo/d/glen-burnie-chaise-lounge/6906269054.html
689736366,250,4.988194444444444,https://images.craigslist.org/01111_8C96Hh5Wjnl_300x300.jpg,https://baltimore.craigslist.org/fuo/d/towson-glass-table-4-chairs-wood-table/6897363663.html
691822305,500,5.018055555555556,https://images.craigslist.org/00i0i_affycaNH2LI_300x300.jpg,https://annapolis.craigslist.org/fuo/d/annapolis-crawford-leather-reclining/6918223054.html
691818757,35,5.057638888888889,https://images.craigslist.org/01313_6CGBJgeTYp2_300x300.jpg,https://baltimore.craigslist.org/fuo/d/westminster-leather-sectional-from/6918187576.html
691807744,300,5.159722222222222,https://images.craigslist.org/00m0m_8MNTt3EIOKU_300x300.jpg,https://baltimore.craigslist.org/fuo/d/columbia-moving-sale/6918077448.html
691803502,180,5.194444444444445,https://images.craigslist.org/00k0k_9F8Xl7FKteM_300x300.jpg,https://baltimore.craigslist.org/fuo/d/columbia-mid-century-light-gray/6918035026.html
691803359,180,5.195138888888889,https://images.craigslist.org/00k0k_9F8Xl7FKteM_300x300.jpg,https://baltimore.craigslist.org/fuo/d/columbia-mid-century-light-gray/6918033595.html
691799292,280,5.226388888888889,https://images.craigslist.org/00z0z_2AxtBXBg4VZ_300x300.jpg,https://washingtondc.craigslist.org/mld/fuo/d/silver-spring-ektorp-loveseat-light-blu/6917992922.html
691291469,75,5.286111111111111,https://images.craigslist.org/00V0V_1ubebK9sAsl_300x300.jpg,https://washingtondc.craigslist.org/mld/fuo/d/olney-navy-futon-sofabed/6912914694.html
690636661,60,5.301388888888889,https://images.craigslist.org/00909_1ta7raeSZXl_300x300.jpg,https://baltimore.craigslist.org/fuo/d/westminster-love-seat/6906366616.html
691038005,200,5.326388888888889,https://images.craigslist.org/00T0T_f6tNgdkGoXs_300x300.jpg,https://baltimore.craigslist.org/fuo/d/baltimore-vintage-red-vinyl-lounge-sofa/6910380051.html
691780380,130,5.372916666666667,https://images.craigslist.org/00Y0Y_9O8ucvHmwA5_300x300.jpg,https://baltimore.craigslist.org/fuo/d/sykesville-living-room-set-couches-2/6917803805.html
689814456,80,31.81111111111111,https://images.craigslist.org/00V0V_7jqF5DtL1fc_300x300.jpg,https://baltimore.craigslist.org/fuo/d/nottingham-couch-and-chair/6898144566.html
689813836,20,31.825694444444444,https://images.craigslist.org/01717_kmMYMqI66jR_300x300.jpg,https://baltimore.craigslist.org/fuo/d/baltimore-small-couch/6898138360.html
691768875,250,5.722916666666666,https://images.craigslist.org/00m0m_fhleSoerInz_300x300.jpg,https://baltimore.craigslist.org/fuo/d/perry-hall-living-room-set/6917688755.html
689809195,200,31.913194444444443,https://images.craigslist.org/00b0b_5K0C7cmsqAv_300x300.jpg,https://baltimore.craigslist.org/fuo/d/glenwood-couch-2-piece-set/6898091956.html
691749927,60,6.024305555555555,https://images.craigslist.org/00v0v_2Q9fdEDwROS_300x300.jpg,https://baltimore.craigslist.org/fuo/d/baltimore-sofa-bed-queen-size/6917499277.html
689802030,50,32.015277777777776,https://images.craigslist.org/00G0G_aJ6cOh2aeOt_300x300.jpg,https://baltimore.craigslist.org/fuo/d/baltimore-couch-fire-sale/6898020300.html
691698877,350,6.41875,https://images.craigslist.org/00B0B_ji980MR7k6k_300x300.jpg,https://baltimore.craigslist.org/fuo/d/abingdon-furniture-3-pieces/6916988773.html
689788002,600,32.171527777777776,https://images.craigslist.org/00p0p_cFT6u0Vcovx_300x300.jpg,https://annapolis.craigslist.org/fuo/d/annapolis-pottery-barn-couch-for-sale/6897880021.html
689785957,80,32.19166666666667,https://images.craigslist.org/00H0H_7tfAPuf4isZ_300x300.jpg,https://westmd.craigslist.org/fuo/d/ellicott-city-couch/6897859577.html
689778638,50,32.263194444444444,https://images.craigslist.org/00A0A_RQZqDyXr1E_300x300.jpg,https://baltimore.craigslist.org/fuo/d/baltimore-moving-sale-couch-dresser/6897786386.html
690680446,1234,6.790277777777778,https://images.craigslist.org/00X0X_2mnWeRbmmd9_300x300.jpg,https://frederick.craigslist.org/fuo/d/mount-airy-beautiful-furniture-rugs/6906804462.html
691307365,2500,6.833333333333333,https://images.craigslist.org/00b0b_9lg7b3SgbKM_300x300.jpg,https://washingtondc.craigslist.org/nva/fuo/d/abingdon-new-restoration-hardware/6913073653.html
691153581,50,6.839583333333334,https://images.craigslist.org/00o0o_aF0ej7XZd9m_300x300.jpg,https://washingtondc.craigslist.org/mld/fuo/d/silver-spring-futon-sofa-bed/6911535818.html
691667656,49,7.054861111111111,https://images.craigslist.org/00N0N_9nCQOGM4mB_300x300.jpg,https://baltimore.craigslist.org/fuo/d/columbia-pre-4th-of-columbiajuly-sale/6916676561.html
689848035,250,7.1090277777777775,https://images.craigslist.org/00h0h_fRAFuzEVzge_300x300.jpg,https://annapolis.craigslist.org/fuo/d/annapolis-recliner-sofa-rocker/6898480356.html
689768459,40,32.37708333333333,https://images.craigslist.org/00F0F_iPXdL527xgK_300x300.jpg,https://annapolis.craigslist.org/fuo/d/bowie-recliner-and-couch/6897684596.html
691648833,150,7.20625,https://images.craigslist.org/00707_ilM6t51ivlH_300x300.jpg,https://baltimore.craigslist.org/fuo/d/parkville-leather-sofa-for-sale/6916488337.html
691645183,0,7.231944444444444,https://images.craigslist.org/00p0p_czgK3hS0UT8_300x300.jpg,https://baltimore.craigslist.org/fuo/d/halethorpe-sofa-and-chair/6916451837.html
689764411,250,32.44166666666667,https://images.craigslist.org/00f0f_tnSut713jN_300x300.jpg,https://baltimore.craigslist.org/fuo/d/baltimore-new-ashley-furniture-couch/6897644116.html
691629454,300,7.345833333333333,https://images.craigslist.org/00w0w_15lmfKKVhVb_300x300.jpg,https://washingtondc.craigslist.org/mld/fuo/d/laurel-moving-sale-furniture-must-go/6916294540.html
689764002,50,32.450694444444444,https://images.craigslist.org/00i0i_4vvqjdjvP7x_300x300.jpg,https://baltimore.craigslist.org/fuo/d/hanover-couch/6897640029.html
691626381,350,7.371527777777778,https://images.craigslist.org/00l0l_Uw5ugk1UYJ_300x300.jpg,https://washingtondc.craigslist.org/mld/fuo/d/olney-home-theater-seats-by-palliser/6916263811.html
690429201,250,7.413888888888889,https://images.craigslist.org/00707_kbP2rO71wPG_300x300.jpg,https://baltimore.craigslist.org/fuo/d/abingdon-3-pc-sofa-set/6904292010.html
691607419,60,7.854861111111111,https://images.craigslist.org/00O0O_ehBq4xiUgOo_300x300.jpg,https://baltimore.craigslist.org/fuo/d/ellicott-city-sofa-sectional-with-chase/6916074190.html
689749749,350,32.93611111111111,https://images.craigslist.org/00y0y_oWwm8JCznq_300x300.jpg,https://baltimore.craigslist.org/fuo/d/sparrows-point-sectional-couch-350-obo/6897497499.html
691520787,300,8.957638888888889,https://images.craigslist.org/00l0l_ilHubo6JToa_300x300.jpg,https://baltimore.craigslist.org/fuo/d/baltimore-cute-contemporary-sofa/6915207879.html
689742569,100,33.02986111111111,https://images.craigslist.org/00v0v_4GV3gROJUCx_300x300.jpg,https://annapolis.craigslist.org/fuo/d/edgewater-couch/6897425693.html
691467941,80,9.372222222222222,https://images.craigslist.org/00b0b_iwobfqmSM8m_300x300.jpg,https://baltimore.craigslist.org/fuo/d/baltimore-living-room-set/6914679415.html
691463216,500,9.408333333333333,https://images.craigslist.org/00j0j_aQsJneSZkh6_300x300.jpg,https://baltimore.craigslist.org/fuo/d/owings-mills-living-room-set/6914632164.html
689718390,2000,33.24305555555556,https://images.craigslist.org/00b0b_2v2kXMMWaNT_300x300.jpg,https://baltimore.craigslist.org/fuo/d/severn-6-piece-sectional-couch/6897183900.html
691446032,350,9.889583333333334,https://images.craigslist.org/00909_20h4bQ6tPld_300x300.jpg,https://baltimore.craigslist.org/fuo/d/dundalk-nyc-styled-sofa-set-3-pieces/6914460322.html
689710833,600,33.3,https://images.craigslist.org/01717_29nSdvv5Dud_300x300.jpg,https://baltimore.craigslist.org/fuo/d/baltimore-mid-century-modern-sectional/6897108334.html
691444323,0,9.911111111111111,https://images.craigslist.org/00c0c_aIXA9JDFeLb_300x300.jpg,https://baltimore.craigslist.org/fuo/d/baltimore-free-living-room-furniture/6914443231.html
691442076,700,9.940277777777778,https://images.craigslist.org/01616_9iqB8s5DruF_300x300.jpg,https://baltimore.craigslist.org/fuo/d/odenton-lr-furniture-solid-hardwood/6914420769.html
691439903,800,9.964583333333334,https://images.craigslist.org/00C0C_5HfoQqUfLTj_300x300.jpg,https://annapolis.craigslist.org/fuo/d/millersville-bassett-sectional/6914399038.html
689701051,800,33.38333333333333,https://images.craigslist.org/00I0I_erO0JA94OIl_300x300.jpg,https://baltimore.craigslist.org/fuo/d/windsor-mill-spacious-soft-gold-couch/6897010510.html
690106517,250,10.207638888888889,https://images.craigslist.org/00L0L_5CRnUK5rA0Z_300x300.jpg,https://baltimore.craigslist.org/fuo/d/baltimore-vintage-vinyl-red-lounge-sofa/6901065174.html
691399485,700,10.277083333333334,https://images.craigslist.org/00303_le1qvGbDDdv_300x300.jpg,https://baltimore.craigslist.org/fuo/d/baltimore-ikea-kivik-double-chaise/6913994855.html
691383399,399,10.395833333333334,https://images.craigslist.org/00D0D_88SQ52mO3Z5_300x300.jpg,https://baltimore.craigslist.org/fuo/d/bowie-6-seat-chocolate-brown-sofa/6913833996.html
691347359,500,11.13125,https://images.craigslist.org/00N0N_9nCQOGM4mB_300x300.jpg,https://baltimore.craigslist.org/fuo/d/columbia-climaxcolumbiawhen-you/6913473597.html
691336220,500,11.247916666666667,https://images.craigslist.org/00808_f532PgrUnC4_300x300.jpg,https://baltimore.craigslist.org/fuo/d/lisbon-sofa-section-micro-fiber-great/6913362203.html
691335279,950,11.25763888888889,https://images.craigslist.org/00d0d_dcIxXsI51dR_300x300.jpg,https://baltimore.craigslist.org/fuo/d/sykesville-leather-electric-recliner/6913352792.html
689601507,35,11.27361111111111,https://images.craigslist.org/00M0M_9S63rb6ExNy_300x300.jpg,https://baltimore.craigslist.org/fuo/d/baltimore-sofa/6896015076.html
689676716,80,33.96041666666667,https://images.craigslist.org/01010_bpgd0UF5uTE_300x300.jpg,https://baltimore.craigslist.org/fuo/d/baltimore-floral-couch-and-couch-cover/6896767166.html
691307062,2500,11.918055555555556,https://images.craigslist.org/00b0b_9lg7b3SgbKM_300x300.jpg,https://baltimore.craigslist.org/fuo/d/abingdon-new-restoration-hardware/6913070627.html
690790615,25,12.011805555555556,https://images.craigslist.org/00909_btwJgOXD0JK_300x300.jpg,https://baltimore.craigslist.org/fuo/d/bel-air-sofa-and-ottoman/6907906155.html
689440532,75,34.009027777777774,https://images.craigslist.org/00O0O_eVX4m6mkHOK_300x300.jpg,https://annapolis.craigslist.org/fuo/d/annapolis-couch-love-seat/6894405322.html
689659453,100,34.12291666666667,https://images.craigslist.org/00K0K_31bNbPPzQlZ_300x300.jpg,https://baltimore.craigslist.org/fuo/d/hunt-valley-sofa-couch/6896594530.html
689656584,99,34.14513888888889,https://images.craigslist.org/00u0u_3PY7WyTFPEz_300x300.jpg,https://baltimore.craigslist.org/fuo/d/lutherville-timonium-brown-leather-couch/6896565844.html
690788772,50,12.436111111111112,https://images.craigslist.org/00606_dTkLA2ri1dI_300x300.jpg,https://baltimore.craigslist.org/fuo/d/pikesville-marble-top-decorative-table/6907887727.html
689650261,100,34.19166666666667,https://images.craigslist.org/00w0w_bSp25vbGsno_300x300.jpg,https://baltimore.craigslist.org/fuo/d/baltimore-light-blue-couch/6896502619.html
689640191,400,34.261805555555554,https://images.craigslist.org/00a0a_7y7Saj3xjgs_300x300.jpg,https://annapolis.craigslist.org/fuo/d/pasadena-sectional-couch-chaise/6896401912.html
689639808,400,34.263888888888886,https://images.craigslist.org/00b0b_g0eizEmpWvH_300x300.jpg,https://baltimore.craigslist.org/fuo/d/pasadena-sectional-couch-chaise/6896398085.html
689633644,100,34.30625,https://images.craigslist.org/00y0y_fuEaFdYeIXx_300x300.jpg,https://baltimore.craigslist.org/fuo/d/glen-burnie-couch-sectional/6896336444.html
691234967,700,12.957638888888889,https://images.craigslist.org/01616_9iqB8s5DruF_300x300.jpg,https://annapolis.craigslist.org/fuo/d/odenton-lr-furniture-solid-hardwood/6912349679.html
689617131,300,34.46111111111111,https://images.craigslist.org/00707_cuT6Fy65rAM_300x300.jpg,https://baltimore.craigslist.org/fuo/d/ellicott-city-restoration-hardware-couch/6896171313.html
691125930,500,14.228472222222223,https://images.craigslist.org/00b0b_iACL7TmQH1Q_300x300.jpg,https://baltimore.craigslist.org/fuo/d/pasadena-ashley-sectional-sofa-ottoma/6911259307.html
691081510,70,14.944444444444445,https://images.craigslist.org/00S0S_61Hvz1v2Yqs_300x300.jpg,https://smd.craigslist.org/fuo/d/gambrills-living-room-furniture-set/6910815103.html
691080049,150,14.9625,https://images.craigslist.org/00U0U_8Y1OXWQGkiR_300x300.jpg,https://baltimore.craigslist.org/fuo/d/bel-air-comfy-sofa/6910800497.html
689594074,75,35.00972222222222,https://images.craigslist.org/00404_49Mtqa32pMl_300x300.jpg,https://baltimore.craigslist.org/fuo/d/baltimore-brown-couch/6895940744.html
689583411,300,35.084722222222226,https://images.craigslist.org/00f0f_bpHpzj0sY9n_300x300.jpg,https://baltimore.craigslist.org/fuo/d/sleeper-couch-great-condition/6895834118.html
689563185,200,35.259027777777774,https://images.craigslist.org/01414_5iA9URuTUdl_300x300.jpg,https://baltimore.craigslist.org/fuo/d/baltimore-couch-and-loveseat/6895631855.html
691006319,150,15.911805555555556,https://images.craigslist.org/00808_ig7fjrceM4q_300x300.jpg,https://baltimore.craigslist.org/fuo/d/towson-furniture/6910063195.html
691002966,150,15.953472222222222,https://images.craigslist.org/01313_31B8SeuWIr0_300x300.jpg,https://baltimore.craigslist.org/fuo/d/hunt-valley-sofa/6910029666.html
689541101,150,35.450694444444444,https://images.craigslist.org/00G0G_7YPNrBQKm99_300x300.jpg,https://baltimore.craigslist.org/fuo/d/baltimore-leather-recliner-couch/6895411012.html
690547891,0,16.416666666666668,https://images.craigslist.org/00M0M_HE0smAyXAT_300x300.jpg,https://baltimore.craigslist.org/fuo/d/odenton-furniture-for-sale/6905478913.html
690926952,600,16.918055555555554,https://images.craigslist.org/00000_1vXKRyk92H0_300x300.jpg,https://baltimore.craigslist.org/fuo/d/phoenix-sleeper-sofa/6909269529.html
690879097,550,17.284027777777776,https://images.craigslist.org/00f0f_fnWeSa9c647_300x300.jpg,https://baltimore.craigslist.org/fuo/d/nottingham-work-station-office-desks/6908790976.html
689521598,275,35.96319444444445,https://images.craigslist.org/00101_ljTNridEj8h_300x300.jpg,https://baltimore.craigslist.org/fuo/d/severn-great-2-piece-couch-set-very/6895215988.html
690819516,50,18.218055555555555,https://images.craigslist.org/00D0D_bPVFVZIlVfG_300x300.jpg,https://baltimore.craigslist.org/fuo/d/baltimore-solid-dark-wood-coffee-table/6908195161.html
690813247,600,18.27638888888889,https://images.craigslist.org/01616_itc1SbLdAbP_300x300.jpg,https://baltimore.craigslist.org/fuo/d/baltimore-large-microfiber-sectional/6908132474.html
689505774,300,36.1125,https://images.craigslist.org/00A0A_77C6tX1VLki_300x300.jpg,https://baltimore.craigslist.org/fuo/d/baltimore-six-piece-grey-beige/6895057746.html
687820409,140,36.25694444444444,https://images.craigslist.org/00202_cFGcJHHKEfz_300x300.jpg,https://baltimore.craigslist.org/fuo/d/baltimore-solid-wood-futon-couch-bed/6878204098.html
689474623,350,36.33541666666667,https://images.craigslist.org/00505_iLFGR7ylrFa_300x300.jpg,https://baltimore.craigslist.org/fuo/d/bel-air-brown-couch/6894746231.html
689470559,250,36.36736111111111,https://images.craigslist.org/00X0X_jmzxJaBNV26_300x300.jpg,https://baltimore.craigslist.org/fuo/d/hunt-valley-couch/6894705591.html
690769493,2000,19.122916666666665,https://images.craigslist.org/00Q0Q_g9vFtEskgwX_300x300.jpg,https://baltimore.craigslist.org/fuo/d/middle-river-have-furniture-need-gone/6907694939.html
689468486,300,36.384027777777774,https://images.craigslist.org/00Q0Q_8kiBGqJedXA_300x300.jpg,https://baltimore.craigslist.org/fuo/d/baltimore-boho-style-couch-love-seat/6894684868.html
690758085,400,19.21736111111111,https://images.craigslist.org/00m0m_fhleSoerInz_300x300.jpg,https://baltimore.craigslist.org/fuo/d/perry-hall-family-living-room-set/6907580853.html
690756010,200,19.233333333333334,https://images.craigslist.org/00K0K_kLus0jBcnip_300x300.jpg,https://baltimore.craigslist.org/fuo/d/baltimore-klik-klak-sofa-sleeper/6907560102.html
690747472,550,19.272222222222222,https://images.craigslist.org/00f0f_fnWeSa9c647_300x300.jpg,https://baltimore.craigslist.org/fuo/d/nottingham-work-station-office-desks/6907474725.html
690744821,200,19.31875,https://images.craigslist.org/00u0u_a1EMjojIheh_300x300.jpg,https://baltimore.craigslist.org/fuo/d/elkridge-real-wicker-furniture/6907448215.html
690738447,500,19.374305555555555,https://images.craigslist.org/00C0C_lshTxNg8G68_300x300.jpg,https://baltimore.craigslist.org/fuo/d/parkville-living-room-set-retro/6907384475.html
690688908,130,20.179861111111112,https://images.craigslist.org/00Y0Y_9O8ucvHmwA5_300x300.jpg,https://baltimore.craigslist.org/fuo/d/sykesville-living-room-set-couches-2/6906889084.html
690688965,130,20.179861111111112,https://images.craigslist.org/00Y0Y_9O8ucvHmwA5_300x300.jpg,https://baltimore.craigslist.org/fuo/d/sykesville-living-room-set-couches-2/6906889650.html
690665507,550,20.32638888888889,https://images.craigslist.org/00f0f_fnWeSa9c647_300x300.jpg,https://baltimore.craigslist.org/fuo/d/nottingham-work-station-office-desks/6906655070.html
690658128,20,20.410416666666666,https://images.craigslist.org/00v0v_hHRJkLUdOkw_300x300.jpg,https://baltimore.craigslist.org/fuo/d/pikesville-broyhill-sleeper-sofa-table/6906581288.html
690640015,450,20.919444444444444,https://images.craigslist.org/01616_lRQ1qR7L0B1_300x300.jpg,https://annapolis.craigslist.org/fuo/d/edgewater-living-room-furniture-set/6906400152.html
688813709,200,21.084722222222222,https://images.craigslist.org/00H0H_67Y4P2wwTjp_300x300.jpg,https://baltimore.craigslist.org/fuo/d/essex-sofa-recliner/6888137097.html
690623146,25,21.097916666666666,https://images.craigslist.org/00n0n_cw5pO8Y7yvG_300x300.jpg,https://baltimore.craigslist.org/fuo/d/baltimore-brown-leather-covered-ottoman/6906231466.html
687969951,250,37.170138888888886,https://images.craigslist.org/00u0u_a5KU5CzvA8C_300x300.jpg,https://baltimore.craigslist.org/fuo/d/baltimore-olive-green-couch/6879699513.html
689407868,50,37.238194444444446,https://images.craigslist.org/01212_V3kys5EcC4_300x300.jpg,https://baltimore.craigslist.org/fuo/d/elkridge-knob-creek-couch/6894078686.html
690570445,200,21.846527777777776,https://images.craigslist.org/00U0U_8LwRyEoWVrY_300x300.jpg,https://baltimore.craigslist.org/fuo/d/baltimore-living-room-set/6905704459.html
689393524,400,37.3375,https://images.craigslist.org/00o0o_2onR1yZ8e6s_300x300.jpg,https://baltimore.craigslist.org/fuo/d/bel-air-couch/6893935242.html
690554411,0,22.040277777777778,https://images.craigslist.org/00b0b_3io52X8vK57_300x300.jpg,https://baltimore.craigslist.org/fuo/d/severn-free-italian-leather-loveseat/6905544113.html
689387044,50,37.388888888888886,https://images.craigslist.org/00g0g_kSkOiuWluYv_300x300.jpg,https://baltimore.craigslist.org/fuo/d/glen-burnie-88-microfiber-couch/6893870448.html
688316716,100,22.168055555555554,https://images.craigslist.org/00q0q_29aXEpoTSbA_300x300.jpg,https://baltimore.craigslist.org/fuo/d/sykesville-sectional-sofa-with-recliner/6883167164.html
690523032,100,22.28263888888889,https://images.craigslist.org/00000_j4HKzwxbDra_300x300.jpg,https://baltimore.craigslist.org/fuo/d/severn-moving-and-needs-to-go/6905230323.html
692128628,100,0.8180555555555555,https://images.craigslist.org/00U0U_lweQ4JI16i6_300x300.jpg,https://washingtondc.craigslist.org/mld/fuo/d/severn-two-cloth-couches/6921286289.html
690436466,200,23.360416666666666,https://images.craigslist.org/00P0P_aZmitYsa4p_300x300.jpg,https://baltimore.craigslist.org/fuo/d/owings-mills-multiple-furniture-items/6904364661.html
689371840,500,37.81805555555555,https://images.craigslist.org/00x0x_aDZxArSzS0_300x300.jpg,https://baltimore.craigslist.org/fuo/d/laurel-couch-dining-table/6893718401.html
689367089,0,37.89375,https://images.craigslist.org/01313_bDjlNS1V0up_300x300.jpg,https://baltimore.craigslist.org/fuo/d/towson-leather-couch-clean-modern-design/6893670898.html
688977408,450,37.97222222222222,https://images.craigslist.org/00C0C_3ZV2S9SgNT4_300x300.jpg,https://baltimore.craigslist.org/fuo/d/gwynn-oak-chocolate-sectional-couch/6889774081.html
690561518,50,2.9555555555555557,https://images.craigslist.org/00n0n_1w43KR5Iy8u_300x300.jpg,https://baltimore.craigslist.org/fuo/d/fallston-sofa/6905615186.html
689353943,20,38.03263888888889,https://images.craigslist.org/00e0e_f1qf81OoidP_300x300.jpg,https://baltimore.craigslist.org/fuo/d/owings-mills-aqua-microfiber-sofa-couch/6893539437.html
690359716,700,24.3375,https://images.craigslist.org/00D0D_4FtJpir5DD8_300x300.jpg,https://baltimore.craigslist.org/fuo/d/baltimore-sectional-sofa/6903597160.html
691675379,150,6.981944444444444,https://images.craigslist.org/00p0p_9jkZsXNu7FF_300x300.jpg,https://washingtondc.craigslist.org/mld/fuo/d/annapolis-3-piece-sactional-couches/6916753796.html
690258788,1,26.054861111111112,https://images.craigslist.org/00x0x_i61vjEqR1kY_300x300.jpg,https://baltimore.craigslist.org/fuo/d/parkville-furniture-for-sale/6902587887.html
690228296,50,26.306944444444444,https://images.craigslist.org/00w0w_kvdbrkyi9c1_300x300.jpg,https://annapolis.craigslist.org/fuo/d/annapolis-sofa/6902282961.html
690787375,300,7.932638888888889,https://images.craigslist.org/00x0x_gc3f1BPeiKJ_300x300.jpg,https://baltimore.craigslist.org/fuo/d/ellicott-city-2-dark-leather-couches/6907873757.html
691596222,250,7.996527777777778,https://images.craigslist.org/00U0U_bLt9pbiMSuq_300x300.jpg,https://baltimore.craigslist.org/fuo/d/baltimore-2-couches/6915962228.html
689288844,100,38.8375,https://images.craigslist.org/00O0O_lxEMFUgrihd_300x300.jpg,https://baltimore.craigslist.org/fuo/d/baltimore-white-leather-couch/6892888440.html
688548276,250,38.852777777777774,https://images.craigslist.org/00101_hlRF7cBNtgf_300x300.jpg,https://baltimore.craigslist.org/fuo/d/finksburg-couch-chair-combo-set/6885482766.html
689282394,100,38.93819444444444,https://images.craigslist.org/00505_9L5kMRMkTlh_300x300.jpg,https://baltimore.craigslist.org/fuo/d/fallston-comfortable-couch/6892823947.html
689282231,150,38.94027777777778,https://images.craigslist.org/00q0q_gCIPP5B9DX0_300x300.jpg,https://baltimore.craigslist.org/fuo/d/fallston-comfy-couch-and-ottoman/6892822318.html
690137641,0,27.429861111111112,https://images.craigslist.org/00h0h_8qjRhwxurOj_300x300.jpg,https://baltimore.craigslist.org/fuo/d/columbia-tan-leather-sofa-free/6901376410.html
689259994,650,39.174305555555556,https://images.craigslist.org/00808_6XdAwpX38a2_300x300.jpg,https://baltimore.craigslist.org/fuo/d/brinklow-beautiful-white-couch/6892599942.html
689246912,200,39.293055555555554,https://images.craigslist.org/00202_b74BwhpYyml_300x300.jpg,https://baltimore.craigslist.org/fuo/d/laurel-couch-sofa/6892469128.html
689241772,0,39.34513888888889,https://images.craigslist.org/00Y0Y_acmTgfXsIrT_300x300.jpg,https://baltimore.craigslist.org/fuo/d/baltimore-free-camle-colored-leather/6892417729.html
687969181,1000,28.23611111111111,https://images.craigslist.org/00X0X_hJ8otz0q4zF_300x300.jpg,https://baltimore.craigslist.org/fuo/d/columbia-lovesac-sactional-6-series/6879691816.html
